Copyright 1986-2022 Xilinx, Inc. All Rights Reserved. Copyright 2022-2025 Advanced Micro Devices, Inc. All Rights Reserved.
------------------------------------------------------------------------------------------------------------------------------------------------------------------------------------------------------------------------------------------------------------
| Tool Version : Vivado v.2025.1 (win64) Build 6140274 Thu May 22 00:12:29 MDT 2025
| Date         : Tue Sep 22 13:33:23 2026
| Host         : DESKTOP-3BV6VRB running 64-bit major release  (build 9200)
| Command      : report_timing_summary -max_paths 10 -routable_nets -report_unconstrained -file lab_1b_top_level_timing_summary_routed.rpt -pb lab_1b_top_level_timing_summary_routed.pb -rpx lab_1b_top_level_timing_summary_routed.rpx -warn_on_violation
| Design       : lab_1b_top_level
| Device       : 7a35t-cpg236
| Speed File   : -1  PRODUCTION 1.23 2018-06-13
| Design State : Routed
------------------------------------------------------------------------------------------------------------------------------------------------------------------------------------------------------------------------------------------------------------

Timing Summary Report

------------------------------------------------------------------------------------------------
| Timer Settings
| --------------
------------------------------------------------------------------------------------------------

  Enable Multi Corner Analysis               :  Yes
  Enable Pessimism Removal                   :  Yes
  Pessimism Removal Resolution               :  Nearest Common Node
  Enable Input Delay Default Clock           :  No
  Enable Preset / Clear Arcs                 :  No
  Disable Flight Delays                      :  No
  Ignore I/O Paths                           :  No
  Timing Early Launch at Borrowing Latches   :  No
  Borrow Time for Max Delay Exceptions       :  Yes
  Merge Timing Exceptions                    :  Yes
  Inter-SLR Compensation                     :  Conservative

  Corner  Analyze    Analyze    
  Name    Max Paths  Min Paths  
  ------  ---------  ---------  
  Slow    Yes        Yes        
  Fast    Yes        Yes        


------------------------------------------------------------------------------------------------
| Report Methodology
| ------------------
------------------------------------------------------------------------------------------------

Rule       Severity  Description                    Violations  
---------  --------  -----------------------------  ----------  
TIMING-18  Warning   Missing input or output delay  11          

Note: This report is based on the most recent report_methodology run and may not be up-to-date. Run report_methodology on the current design for the latest report.



check_timing report

Table of Contents
-----------------
1. checking no_clock (0)
2. checking constant_clock (0)
3. checking pulse_width_clock (0)
4. checking unconstrained_internal_endpoints (0)
5. checking no_input_delay (1)
6. checking no_output_delay (10)
7. checking multiple_clock (0)
8. checking generated_clocks (0)
9. checking loops (0)
10. checking partial_input_delay (0)
11. checking partial_output_delay (0)
12. checking latch_loops (0)

1. checking no_clock (0)
------------------------
 There are 0 register/latch pins with no clock.


2. checking constant_clock (0)
------------------------------
 There are 0 register/latch pins with constant_clock.


3. checking pulse_width_clock (0)
---------------------------------
 There are 0 register/latch pins which need pulse_width check


4. checking unconstrained_internal_endpoints (0)
------------------------------------------------
 There are 0 pins that are not constrained for maximum delay.

 There are 0 pins that are not constrained for maximum delay due to constant clock.


5. checking no_input_delay (1)
------------------------------
 There is 1 input port with no input delay specified. (HIGH)

 There are 0 input ports with no input delay but user has a false path constraint.


6. checking no_output_delay (10)
--------------------------------
 There are 10 ports with no output delay specified. (HIGH)

 There are 0 ports with no output delay but user has a false path constraint

 There are 0 ports with no output delay but with a timing clock defined on it or propagating through it


7. checking multiple_clock (0)
------------------------------
 There are 0 register/latch pins with multiple clocks.


8. checking generated_clocks (0)
--------------------------------
 There are 0 generated clocks that are not connected to a clock source.


9. checking loops (0)
---------------------
 There are 0 combinational loops in the design.


10. checking partial_input_delay (0)
------------------------------------
 There are 0 input ports with partial input delay specified.


11. checking partial_output_delay (0)
-------------------------------------
 There are 0 ports with partial output delay specified.


12. checking latch_loops (0)
----------------------------
 There are 0 combinational latch loops in the design through latch input



------------------------------------------------------------------------------------------------
| Design Timing Summary
| ---------------------
------------------------------------------------------------------------------------------------

    WNS(ns)      TNS(ns)  TNS Failing Endpoints  TNS Total Endpoints      WHS(ns)      THS(ns)  THS Failing Endpoints  THS Total Endpoints     WPWS(ns)     TPWS(ns)  TPWS Failing Endpoints  TPWS Total Endpoints  
    -------      -------  ---------------------  -------------------      -------      -------  ---------------------  -------------------     --------     --------  ----------------------  --------------------  
      6.595        0.000                      0                   21        0.255        0.000                      0                   21        4.500        0.000                       0                    22  


All user specified timing constraints are met.


------------------------------------------------------------------------------------------------
| Clock Summary
| -------------
------------------------------------------------------------------------------------------------

Clock        Waveform(ns)       Period(ns)      Frequency(MHz)
-----        ------------       ----------      --------------
sys_clk_pin  {0.000 5.000}      10.000          100.000         


------------------------------------------------------------------------------------------------
| Intra Clock Table
| -----------------
------------------------------------------------------------------------------------------------

Clock             WNS(ns)      TNS(ns)  TNS Failing Endpoints  TNS Total Endpoints      WHS(ns)      THS(ns)  THS Failing Endpoints  THS Total Endpoints     WPWS(ns)     TPWS(ns)  TPWS Failing Endpoints  TPWS Total Endpoints  
-----             -------      -------  ---------------------  -------------------      -------      -------  ---------------------  -------------------     --------     --------  ----------------------  --------------------  
sys_clk_pin         6.595        0.000                      0                   21        0.255        0.000                      0                   21        4.500        0.000                       0                    22  


------------------------------------------------------------------------------------------------
| Inter Clock Table
| -----------------
------------------------------------------------------------------------------------------------

From Clock    To Clock          WNS(ns)      TNS(ns)  TNS Failing Endpoints  TNS Total Endpoints      WHS(ns)      THS(ns)  THS Failing Endpoints  THS Total Endpoints  
----------    --------          -------      -------  ---------------------  -------------------      -------      -------  ---------------------  -------------------  


------------------------------------------------------------------------------------------------
| Other Path Groups Table
| -----------------------
------------------------------------------------------------------------------------------------

Path Group    From Clock    To Clock          WNS(ns)      TNS(ns)  TNS Failing Endpoints  TNS Total Endpoints      WHS(ns)      THS(ns)  THS Failing Endpoints  THS Total Endpoints  
----------    ----------    --------          -------      -------  ---------------------  -------------------      -------      -------  ---------------------  -------------------  


------------------------------------------------------------------------------------------------
| User Ignored Path Table
| -----------------------
------------------------------------------------------------------------------------------------

Path Group    From Clock    To Clock    
----------    ----------    --------    


------------------------------------------------------------------------------------------------
| Unconstrained Path Table
| ------------------------
------------------------------------------------------------------------------------------------

Path Group    From Clock    To Clock    
----------    ----------    --------    
(none)                                    
(none)        sys_clk_pin                 
(none)                      sys_clk_pin   


------------------------------------------------------------------------------------------------
| Timing Details
| --------------
------------------------------------------------------------------------------------------------


---------------------------------------------------------------------------------------------------
From Clock:  sys_clk_pin
  To Clock:  sys_clk_pin

Setup :            0  Failing Endpoints,  Worst Slack        6.595ns,  Total Violation        0.000ns
Hold  :            0  Failing Endpoints,  Worst Slack        0.255ns,  Total Violation        0.000ns
PW    :            0  Failing Endpoints,  Worst Slack        4.500ns,  Total Violation        0.000ns
---------------------------------------------------------------------------------------------------


Max Delay Paths
--------------------------------------------------------------------------------------
Slack (MET) :             6.595ns  (required time - arrival time)
  Source:                 SEVEN_SEGMENT_DISPLAY/DIGIT_SELECTOR/count_reg[7]/C
                            (rising edge-triggered cell FDRE clocked by sys_clk_pin  {rise@0.000ns fall@5.000ns period=10.000ns})
  Destination:            SEVEN_SEGMENT_DISPLAY/DIGIT_SELECTOR/q_reg[3]/D
                            (rising edge-triggered cell FDRE clocked by sys_clk_pin  {rise@0.000ns fall@5.000ns period=10.000ns})
  Path Group:             sys_clk_pin
  Path Type:              Setup (Max at Slow Process Corner)
  Requirement:            10.000ns  (sys_clk_pin rise@10.000ns - sys_clk_pin rise@0.000ns)
  Data Path Delay:        3.377ns  (logic 0.890ns (26.358%)  route 2.487ns (73.642%))
  Logic Levels:           3  (LUT4=1 LUT5=1 LUT6=1)
  Clock Path Skew:        -0.022ns (DCD - SCD + CPR)
    Destination Clock Delay (DCD):    4.845ns = ( 14.845 - 10.000 ) 
    Source Clock Delay      (SCD):    5.141ns
    Clock Pessimism Removal (CPR):    0.274ns
  Clock Uncertainty:      0.035ns  ((TSJ^2 + TIJ^2)^1/2 + DJ) / 2 + PE
    Total System Jitter     (TSJ):    0.071ns
    Total Input Jitter      (TIJ):    0.000ns
    Discrete Jitter          (DJ):    0.000ns
    Phase Error              (PE):    0.000ns

    Location             Delay type                Incr(ns)  Path(ns)    Netlist Resource(s)
  -------------------------------------------------------------------    -------------------
                         (clock sys_clk_pin rise edge)
                                                      0.000     0.000 r  
    W5                                                0.000     0.000 r  clk (IN)
                         net (fo=0)                   0.000     0.000    clk
    W5                   IBUF (Prop_ibuf_I_O)         1.458     1.458 r  clk_IBUF_inst/O
                         net (fo=1, routed)           1.967     3.425    clk_IBUF
    BUFGCTRL_X0Y0        BUFG (Prop_bufg_I_O)         0.096     3.521 r  clk_IBUF_BUFG_inst/O
                         net (fo=21, routed)          1.620     5.141    SEVEN_SEGMENT_DISPLAY/DIGIT_SELECTOR/clk_IBUF_BUFG
    SLICE_X60Y22         FDRE                                         r  SEVEN_SEGMENT_DISPLAY/DIGIT_SELECTOR/count_reg[7]/C
  -------------------------------------------------------------------    -------------------
    SLICE_X60Y22         FDRE (Prop_fdre_C_Q)         0.518     5.659 f  SEVEN_SEGMENT_DISPLAY/DIGIT_SELECTOR/count_reg[7]/Q
                         net (fo=3, routed)           0.822     6.482    SEVEN_SEGMENT_DISPLAY/DIGIT_SELECTOR/count_reg[7]
    SLICE_X61Y23         LUT4 (Prop_lut4_I0_O)        0.124     6.606 f  SEVEN_SEGMENT_DISPLAY/DIGIT_SELECTOR/q[3]_i_9/O
                         net (fo=2, routed)           0.848     7.454    SEVEN_SEGMENT_DISPLAY/DIGIT_SELECTOR/q[3]_i_9_n_0
    SLICE_X62Y22         LUT5 (Prop_lut5_I4_O)        0.124     7.578 r  SEVEN_SEGMENT_DISPLAY/DIGIT_SELECTOR/q[3]_i_2/O
                         net (fo=4, routed)           0.816     8.394    SEVEN_SEGMENT_DISPLAY/DIGIT_SELECTOR/q[3]_i_2_n_0
    SLICE_X61Y22         LUT6 (Prop_lut6_I2_O)        0.124     8.518 r  SEVEN_SEGMENT_DISPLAY/DIGIT_SELECTOR/q[3]_i_1/O
                         net (fo=1, routed)           0.000     8.518    SEVEN_SEGMENT_DISPLAY/DIGIT_SELECTOR/q[3]_i_1_n_0
    SLICE_X61Y22         FDRE                                         r  SEVEN_SEGMENT_DISPLAY/DIGIT_SELECTOR/q_reg[3]/D
  -------------------------------------------------------------------    -------------------

                         (clock sys_clk_pin rise edge)
                                                     10.000    10.000 r  
    W5                                                0.000    10.000 r  clk (IN)
                         net (fo=0)                   0.000    10.000    clk
    W5                   IBUF (Prop_ibuf_I_O)         1.388    11.388 r  clk_IBUF_inst/O
                         net (fo=1, routed)           1.862    13.250    clk_IBUF
    BUFGCTRL_X0Y0        BUFG (Prop_bufg_I_O)         0.091    13.341 r  clk_IBUF_BUFG_inst/O
                         net (fo=21, routed)          1.504    14.845    SEVEN_SEGMENT_DISPLAY/DIGIT_SELECTOR/clk_IBUF_BUFG
    SLICE_X61Y22         FDRE                                         r  SEVEN_SEGMENT_DISPLAY/DIGIT_SELECTOR/q_reg[3]/C
                         clock pessimism              0.274    15.119    
                         clock uncertainty           -0.035    15.084    
    SLICE_X61Y22         FDRE (Setup_fdre_C_D)        0.029    15.113    SEVEN_SEGMENT_DISPLAY/DIGIT_SELECTOR/q_reg[3]
  -------------------------------------------------------------------
                         required time                         15.113    
                         arrival time                          -8.518    
  -------------------------------------------------------------------
                         slack                                  6.595    

Slack (MET) :             6.665ns  (required time - arrival time)
  Source:                 SEVEN_SEGMENT_DISPLAY/DIGIT_SELECTOR/count_reg[7]/C
                            (rising edge-triggered cell FDRE clocked by sys_clk_pin  {rise@0.000ns fall@5.000ns period=10.000ns})
  Destination:            SEVEN_SEGMENT_DISPLAY/DIGIT_SELECTOR/q_reg[0]/D
                            (rising edge-triggered cell FDSE clocked by sys_clk_pin  {rise@0.000ns fall@5.000ns period=10.000ns})
  Path Group:             sys_clk_pin
  Path Type:              Setup (Max at Slow Process Corner)
  Requirement:            10.000ns  (sys_clk_pin rise@10.000ns - sys_clk_pin rise@0.000ns)
  Data Path Delay:        3.305ns  (logic 0.890ns (26.926%)  route 2.415ns (73.074%))
  Logic Levels:           3  (LUT4=2 LUT5=1)
  Clock Path Skew:        -0.023ns (DCD - SCD + CPR)
    Destination Clock Delay (DCD):    4.844ns = ( 14.844 - 10.000 ) 
    Source Clock Delay      (SCD):    5.141ns
    Clock Pessimism Removal (CPR):    0.274ns
  Clock Uncertainty:      0.035ns  ((TSJ^2 + TIJ^2)^1/2 + DJ) / 2 + PE
    Total System Jitter     (TSJ):    0.071ns
    Total Input Jitter      (TIJ):    0.000ns
    Discrete Jitter          (DJ):    0.000ns
    Phase Error              (PE):    0.000ns

    Location             Delay type                Incr(ns)  Path(ns)    Netlist Resource(s)
  -------------------------------------------------------------------    -------------------
                         (clock sys_clk_pin rise edge)
                                                      0.000     0.000 r  
    W5                                                0.000     0.000 r  clk (IN)
                         net (fo=0)                   0.000     0.000    clk
    W5                   IBUF (Prop_ibuf_I_O)         1.458     1.458 r  clk_IBUF_inst/O
                         net (fo=1, routed)           1.967     3.425    clk_IBUF
    BUFGCTRL_X0Y0        BUFG (Prop_bufg_I_O)         0.096     3.521 r  clk_IBUF_BUFG_inst/O
                         net (fo=21, routed)          1.620     5.141    SEVEN_SEGMENT_DISPLAY/DIGIT_SELECTOR/clk_IBUF_BUFG
    SLICE_X60Y22         FDRE                                         r  SEVEN_SEGMENT_DISPLAY/DIGIT_SELECTOR/count_reg[7]/C
  -------------------------------------------------------------------    -------------------
    SLICE_X60Y22         FDRE (Prop_fdre_C_Q)         0.518     5.659 f  SEVEN_SEGMENT_DISPLAY/DIGIT_SELECTOR/count_reg[7]/Q
                         net (fo=3, routed)           0.822     6.482    SEVEN_SEGMENT_DISPLAY/DIGIT_SELECTOR/count_reg[7]
    SLICE_X61Y23         LUT4 (Prop_lut4_I0_O)        0.124     6.606 f  SEVEN_SEGMENT_DISPLAY/DIGIT_SELECTOR/q[3]_i_9/O
                         net (fo=2, routed)           0.848     7.454    SEVEN_SEGMENT_DISPLAY/DIGIT_SELECTOR/q[3]_i_9_n_0
    SLICE_X62Y22         LUT5 (Prop_lut5_I4_O)        0.124     7.578 r  SEVEN_SEGMENT_DISPLAY/DIGIT_SELECTOR/q[3]_i_2/O
                         net (fo=4, routed)           0.745     8.323    SEVEN_SEGMENT_DISPLAY/DIGIT_SELECTOR/q[3]_i_2_n_0
    SLICE_X61Y23         LUT4 (Prop_lut4_I1_O)        0.124     8.447 r  SEVEN_SEGMENT_DISPLAY/DIGIT_SELECTOR/q[0]_i_1/O
                         net (fo=1, routed)           0.000     8.447    SEVEN_SEGMENT_DISPLAY/DIGIT_SELECTOR/q[0]_i_1_n_0
    SLICE_X61Y23         FDSE                                         r  SEVEN_SEGMENT_DISPLAY/DIGIT_SELECTOR/q_reg[0]/D
  -------------------------------------------------------------------    -------------------

                         (clock sys_clk_pin rise edge)
                                                     10.000    10.000 r  
    W5                                                0.000    10.000 r  clk (IN)
                         net (fo=0)                   0.000    10.000    clk
    W5                   IBUF (Prop_ibuf_I_O)         1.388    11.388 r  clk_IBUF_inst/O
                         net (fo=1, routed)           1.862    13.250    clk_IBUF
    BUFGCTRL_X0Y0        BUFG (Prop_bufg_I_O)         0.091    13.341 r  clk_IBUF_BUFG_inst/O
                         net (fo=21, routed)          1.503    14.844    SEVEN_SEGMENT_DISPLAY/DIGIT_SELECTOR/clk_IBUF_BUFG
    SLICE_X61Y23         FDSE                                         r  SEVEN_SEGMENT_DISPLAY/DIGIT_SELECTOR/q_reg[0]/C
                         clock pessimism              0.274    15.118    
                         clock uncertainty           -0.035    15.083    
    SLICE_X61Y23         FDSE (Setup_fdse_C_D)        0.029    15.112    SEVEN_SEGMENT_DISPLAY/DIGIT_SELECTOR/q_reg[0]
  -------------------------------------------------------------------
                         required time                         15.112    
                         arrival time                          -8.447    
  -------------------------------------------------------------------
                         slack                                  6.665    

Slack (MET) :             6.685ns  (required time - arrival time)
  Source:                 SEVEN_SEGMENT_DISPLAY/DIGIT_SELECTOR/count_reg[7]/C
                            (rising edge-triggered cell FDRE clocked by sys_clk_pin  {rise@0.000ns fall@5.000ns period=10.000ns})
  Destination:            SEVEN_SEGMENT_DISPLAY/DIGIT_SELECTOR/q_reg[1]/D
                            (rising edge-triggered cell FDSE clocked by sys_clk_pin  {rise@0.000ns fall@5.000ns period=10.000ns})
  Path Group:             sys_clk_pin
  Path Type:              Setup (Max at Slow Process Corner)
  Requirement:            10.000ns  (sys_clk_pin rise@10.000ns - sys_clk_pin rise@0.000ns)
  Data Path Delay:        3.331ns  (logic 0.916ns (27.496%)  route 2.415ns (72.504%))
  Logic Levels:           3  (LUT3=1 LUT4=1 LUT5=1)
  Clock Path Skew:        -0.023ns (DCD - SCD + CPR)
    Destination Clock Delay (DCD):    4.844ns = ( 14.844 - 10.000 ) 
    Source Clock Delay      (SCD):    5.141ns
    Clock Pessimism Removal (CPR):    0.274ns
  Clock Uncertainty:      0.035ns  ((TSJ^2 + TIJ^2)^1/2 + DJ) / 2 + PE
    Total System Jitter     (TSJ):    0.071ns
    Total Input Jitter      (TIJ):    0.000ns
    Discrete Jitter          (DJ):    0.000ns
    Phase Error              (PE):    0.000ns

    Location             Delay type                Incr(ns)  Path(ns)    Netlist Resource(s)
  -------------------------------------------------------------------    -------------------
                         (clock sys_clk_pin rise edge)
                                                      0.000     0.000 r  
    W5                                                0.000     0.000 r  clk (IN)
                         net (fo=0)                   0.000     0.000    clk
    W5                   IBUF (Prop_ibuf_I_O)         1.458     1.458 r  clk_IBUF_inst/O
                         net (fo=1, routed)           1.967     3.425    clk_IBUF
    BUFGCTRL_X0Y0        BUFG (Prop_bufg_I_O)         0.096     3.521 r  clk_IBUF_BUFG_inst/O
                         net (fo=21, routed)          1.620     5.141    SEVEN_SEGMENT_DISPLAY/DIGIT_SELECTOR/clk_IBUF_BUFG
    SLICE_X60Y22         FDRE                                         r  SEVEN_SEGMENT_DISPLAY/DIGIT_SELECTOR/count_reg[7]/C
  -------------------------------------------------------------------    -------------------
    SLICE_X60Y22         FDRE (Prop_fdre_C_Q)         0.518     5.659 f  SEVEN_SEGMENT_DISPLAY/DIGIT_SELECTOR/count_reg[7]/Q
                         net (fo=3, routed)           0.822     6.482    SEVEN_SEGMENT_DISPLAY/DIGIT_SELECTOR/count_reg[7]
    SLICE_X61Y23         LUT4 (Prop_lut4_I0_O)        0.124     6.606 f  SEVEN_SEGMENT_DISPLAY/DIGIT_SELECTOR/q[3]_i_9/O
                         net (fo=2, routed)           0.848     7.454    SEVEN_SEGMENT_DISPLAY/DIGIT_SELECTOR/q[3]_i_9_n_0
    SLICE_X62Y22         LUT5 (Prop_lut5_I4_O)        0.124     7.578 r  SEVEN_SEGMENT_DISPLAY/DIGIT_SELECTOR/q[3]_i_2/O
                         net (fo=4, routed)           0.745     8.323    SEVEN_SEGMENT_DISPLAY/DIGIT_SELECTOR/q[3]_i_2_n_0
    SLICE_X61Y23         LUT3 (Prop_lut3_I0_O)        0.150     8.473 r  SEVEN_SEGMENT_DISPLAY/DIGIT_SELECTOR/q[1]_i_1/O
                         net (fo=1, routed)           0.000     8.473    SEVEN_SEGMENT_DISPLAY/DIGIT_SELECTOR/q[1]_i_1_n_0
    SLICE_X61Y23         FDSE                                         r  SEVEN_SEGMENT_DISPLAY/DIGIT_SELECTOR/q_reg[1]/D
  -------------------------------------------------------------------    -------------------

                         (clock sys_clk_pin rise edge)
                                                     10.000    10.000 r  
    W5                                                0.000    10.000 r  clk (IN)
                         net (fo=0)                   0.000    10.000    clk
    W5                   IBUF (Prop_ibuf_I_O)         1.388    11.388 r  clk_IBUF_inst/O
                         net (fo=1, routed)           1.862    13.250    clk_IBUF
    BUFGCTRL_X0Y0        BUFG (Prop_bufg_I_O)         0.091    13.341 r  clk_IBUF_BUFG_inst/O
                         net (fo=21, routed)          1.503    14.844    SEVEN_SEGMENT_DISPLAY/DIGIT_SELECTOR/clk_IBUF_BUFG
    SLICE_X61Y23         FDSE                                         r  SEVEN_SEGMENT_DISPLAY/DIGIT_SELECTOR/q_reg[1]/C
                         clock pessimism              0.274    15.118    
                         clock uncertainty           -0.035    15.083    
    SLICE_X61Y23         FDSE (Setup_fdse_C_D)        0.075    15.158    SEVEN_SEGMENT_DISPLAY/DIGIT_SELECTOR/q_reg[1]
  -------------------------------------------------------------------
                         required time                         15.158    
                         arrival time                          -8.473    
  -------------------------------------------------------------------
                         slack                                  6.685    

Slack (MET) :             6.951ns  (required time - arrival time)
  Source:                 SEVEN_SEGMENT_DISPLAY/DIGIT_SELECTOR/count_reg[7]/C
                            (rising edge-triggered cell FDRE clocked by sys_clk_pin  {rise@0.000ns fall@5.000ns period=10.000ns})
  Destination:            SEVEN_SEGMENT_DISPLAY/DIGIT_SELECTOR/q_reg[2]/D
                            (rising edge-triggered cell FDSE clocked by sys_clk_pin  {rise@0.000ns fall@5.000ns period=10.000ns})
  Path Group:             sys_clk_pin
  Path Type:              Setup (Max at Slow Process Corner)
  Requirement:            10.000ns  (sys_clk_pin rise@10.000ns - sys_clk_pin rise@0.000ns)
  Data Path Delay:        3.021ns  (logic 0.890ns (29.456%)  route 2.131ns (70.544%))
  Logic Levels:           3  (LUT4=2 LUT5=1)
  Clock Path Skew:        -0.023ns (DCD - SCD + CPR)
    Destination Clock Delay (DCD):    4.844ns = ( 14.844 - 10.000 ) 
    Source Clock Delay      (SCD):    5.141ns
    Clock Pessimism Removal (CPR):    0.274ns
  Clock Uncertainty:      0.035ns  ((TSJ^2 + TIJ^2)^1/2 + DJ) / 2 + PE
    Total System Jitter     (TSJ):    0.071ns
    Total Input Jitter      (TIJ):    0.000ns
    Discrete Jitter          (DJ):    0.000ns
    Phase Error              (PE):    0.000ns

    Location             Delay type                Incr(ns)  Path(ns)    Netlist Resource(s)
  -------------------------------------------------------------------    -------------------
                         (clock sys_clk_pin rise edge)
                                                      0.000     0.000 r  
    W5                                                0.000     0.000 r  clk (IN)
                         net (fo=0)                   0.000     0.000    clk
    W5                   IBUF (Prop_ibuf_I_O)         1.458     1.458 r  clk_IBUF_inst/O
                         net (fo=1, routed)           1.967     3.425    clk_IBUF
    BUFGCTRL_X0Y0        BUFG (Prop_bufg_I_O)         0.096     3.521 r  clk_IBUF_BUFG_inst/O
                         net (fo=21, routed)          1.620     5.141    SEVEN_SEGMENT_DISPLAY/DIGIT_SELECTOR/clk_IBUF_BUFG
    SLICE_X60Y22         FDRE                                         r  SEVEN_SEGMENT_DISPLAY/DIGIT_SELECTOR/count_reg[7]/C
  -------------------------------------------------------------------    -------------------
    SLICE_X60Y22         FDRE (Prop_fdre_C_Q)         0.518     5.659 f  SEVEN_SEGMENT_DISPLAY/DIGIT_SELECTOR/count_reg[7]/Q
                         net (fo=3, routed)           0.822     6.482    SEVEN_SEGMENT_DISPLAY/DIGIT_SELECTOR/count_reg[7]
    SLICE_X61Y23         LUT4 (Prop_lut4_I0_O)        0.124     6.606 f  SEVEN_SEGMENT_DISPLAY/DIGIT_SELECTOR/q[3]_i_9/O
                         net (fo=2, routed)           0.848     7.454    SEVEN_SEGMENT_DISPLAY/DIGIT_SELECTOR/q[3]_i_9_n_0
    SLICE_X62Y22         LUT5 (Prop_lut5_I4_O)        0.124     7.578 r  SEVEN_SEGMENT_DISPLAY/DIGIT_SELECTOR/q[3]_i_2/O
                         net (fo=4, routed)           0.461     8.039    SEVEN_SEGMENT_DISPLAY/DIGIT_SELECTOR/q[3]_i_2_n_0
    SLICE_X61Y23         LUT4 (Prop_lut4_I0_O)        0.124     8.163 r  SEVEN_SEGMENT_DISPLAY/DIGIT_SELECTOR/q[2]_i_1/O
                         net (fo=1, routed)           0.000     8.163    SEVEN_SEGMENT_DISPLAY/DIGIT_SELECTOR/q[2]_i_1_n_0
    SLICE_X61Y23         FDSE                                         r  SEVEN_SEGMENT_DISPLAY/DIGIT_SELECTOR/q_reg[2]/D
  -------------------------------------------------------------------    -------------------

                         (clock sys_clk_pin rise edge)
                                                     10.000    10.000 r  
    W5                                                0.000    10.000 r  clk (IN)
                         net (fo=0)                   0.000    10.000    clk
    W5                   IBUF (Prop_ibuf_I_O)         1.388    11.388 r  clk_IBUF_inst/O
                         net (fo=1, routed)           1.862    13.250    clk_IBUF
    BUFGCTRL_X0Y0        BUFG (Prop_bufg_I_O)         0.091    13.341 r  clk_IBUF_BUFG_inst/O
                         net (fo=21, routed)          1.503    14.844    SEVEN_SEGMENT_DISPLAY/DIGIT_SELECTOR/clk_IBUF_BUFG
    SLICE_X61Y23         FDSE                                         r  SEVEN_SEGMENT_DISPLAY/DIGIT_SELECTOR/q_reg[2]/C
                         clock pessimism              0.274    15.118    
                         clock uncertainty           -0.035    15.083    
    SLICE_X61Y23         FDSE (Setup_fdse_C_D)        0.031    15.114    SEVEN_SEGMENT_DISPLAY/DIGIT_SELECTOR/q_reg[2]
  -------------------------------------------------------------------
                         required time                         15.114    
                         arrival time                          -8.163    
  -------------------------------------------------------------------
                         slack                                  6.951    

Slack (MET) :             7.764ns  (required time - arrival time)
  Source:                 SEVEN_SEGMENT_DISPLAY/DIGIT_SELECTOR/count_reg[0]/C
                            (rising edge-triggered cell FDRE clocked by sys_clk_pin  {rise@0.000ns fall@5.000ns period=10.000ns})
  Destination:            SEVEN_SEGMENT_DISPLAY/DIGIT_SELECTOR/count_reg[16]/D
                            (rising edge-triggered cell FDRE clocked by sys_clk_pin  {rise@0.000ns fall@5.000ns period=10.000ns})
  Path Group:             sys_clk_pin
  Path Type:              Setup (Max at Slow Process Corner)
  Requirement:            10.000ns  (sys_clk_pin rise@10.000ns - sys_clk_pin rise@0.000ns)
  Data Path Delay:        2.267ns  (logic 1.725ns (76.083%)  route 0.542ns (23.917%))
  Logic Levels:           6  (CARRY4=5 LUT1=1)
  Clock Path Skew:        -0.042ns (DCD - SCD + CPR)
    Destination Clock Delay (DCD):    4.842ns = ( 14.842 - 10.000 ) 
    Source Clock Delay      (SCD):    5.144ns
    Clock Pessimism Removal (CPR):    0.260ns
  Clock Uncertainty:      0.035ns  ((TSJ^2 + TIJ^2)^1/2 + DJ) / 2 + PE
    Total System Jitter     (TSJ):    0.071ns
    Total Input Jitter      (TIJ):    0.000ns
    Discrete Jitter          (DJ):    0.000ns
    Phase Error              (PE):    0.000ns

    Location             Delay type                Incr(ns)  Path(ns)    Netlist Resource(s)
  -------------------------------------------------------------------    -------------------
                         (clock sys_clk_pin rise edge)
                                                      0.000     0.000 r  
    W5                                                0.000     0.000 r  clk (IN)
                         net (fo=0)                   0.000     0.000    clk
    W5                   IBUF (Prop_ibuf_I_O)         1.458     1.458 r  clk_IBUF_inst/O
                         net (fo=1, routed)           1.967     3.425    clk_IBUF
    BUFGCTRL_X0Y0        BUFG (Prop_bufg_I_O)         0.096     3.521 r  clk_IBUF_BUFG_inst/O
                         net (fo=21, routed)          1.623     5.144    SEVEN_SEGMENT_DISPLAY/DIGIT_SELECTOR/clk_IBUF_BUFG
    SLICE_X60Y21         FDRE                                         r  SEVEN_SEGMENT_DISPLAY/DIGIT_SELECTOR/count_reg[0]/C
  -------------------------------------------------------------------    -------------------
    SLICE_X60Y21         FDRE (Prop_fdre_C_Q)         0.518     5.662 f  SEVEN_SEGMENT_DISPLAY/DIGIT_SELECTOR/count_reg[0]/Q
                         net (fo=2, routed)           0.533     6.196    SEVEN_SEGMENT_DISPLAY/DIGIT_SELECTOR/count_reg[0]
    SLICE_X60Y21         LUT1 (Prop_lut1_I0_O)        0.124     6.320 r  SEVEN_SEGMENT_DISPLAY/DIGIT_SELECTOR/count[0]_i_2/O
                         net (fo=1, routed)           0.000     6.320    SEVEN_SEGMENT_DISPLAY/DIGIT_SELECTOR/count[0]_i_2_n_0
    SLICE_X60Y21         CARRY4 (Prop_carry4_S[0]_CO[3])
                                                      0.513     6.833 r  SEVEN_SEGMENT_DISPLAY/DIGIT_SELECTOR/count_reg[0]_i_1/CO[3]
                         net (fo=1, routed)           0.000     6.833    SEVEN_SEGMENT_DISPLAY/DIGIT_SELECTOR/count_reg[0]_i_1_n_0
    SLICE_X60Y22         CARRY4 (Prop_carry4_CI_CO[3])
                                                      0.117     6.950 r  SEVEN_SEGMENT_DISPLAY/DIGIT_SELECTOR/count_reg[4]_i_1/CO[3]
                         net (fo=1, routed)           0.000     6.950    SEVEN_SEGMENT_DISPLAY/DIGIT_SELECTOR/count_reg[4]_i_1_n_0
    SLICE_X60Y23         CARRY4 (Prop_carry4_CI_CO[3])
                                                      0.117     7.067 r  SEVEN_SEGMENT_DISPLAY/DIGIT_SELECTOR/count_reg[8]_i_1/CO[3]
                         net (fo=1, routed)           0.000     7.067    SEVEN_SEGMENT_DISPLAY/DIGIT_SELECTOR/count_reg[8]_i_1_n_0
    SLICE_X60Y24         CARRY4 (Prop_carry4_CI_CO[3])
                                                      0.117     7.184 r  SEVEN_SEGMENT_DISPLAY/DIGIT_SELECTOR/count_reg[12]_i_1/CO[3]
                         net (fo=1, routed)           0.009     7.193    SEVEN_SEGMENT_DISPLAY/DIGIT_SELECTOR/count_reg[12]_i_1_n_0
    SLICE_X60Y25         CARRY4 (Prop_carry4_CI_O[0])
                                                      0.219     7.412 r  SEVEN_SEGMENT_DISPLAY/DIGIT_SELECTOR/count_reg[16]_i_1/O[0]
                         net (fo=1, routed)           0.000     7.412    SEVEN_SEGMENT_DISPLAY/DIGIT_SELECTOR/count_reg[16]_i_1_n_7
    SLICE_X60Y25         FDRE                                         r  SEVEN_SEGMENT_DISPLAY/DIGIT_SELECTOR/count_reg[16]/D
  -------------------------------------------------------------------    -------------------

                         (clock sys_clk_pin rise edge)
                                                     10.000    10.000 r  
    W5                                                0.000    10.000 r  clk (IN)
                         net (fo=0)                   0.000    10.000    clk
    W5                   IBUF (Prop_ibuf_I_O)         1.388    11.388 r  clk_IBUF_inst/O
                         net (fo=1, routed)           1.862    13.250    clk_IBUF
    BUFGCTRL_X0Y0        BUFG (Prop_bufg_I_O)         0.091    13.341 r  clk_IBUF_BUFG_inst/O
                         net (fo=21, routed)          1.501    14.842    SEVEN_SEGMENT_DISPLAY/DIGIT_SELECTOR/clk_IBUF_BUFG
    SLICE_X60Y25         FDRE                                         r  SEVEN_SEGMENT_DISPLAY/DIGIT_SELECTOR/count_reg[16]/C
                         clock pessimism              0.260    15.102    
                         clock uncertainty           -0.035    15.067    
    SLICE_X60Y25         FDRE (Setup_fdre_C_D)        0.109    15.176    SEVEN_SEGMENT_DISPLAY/DIGIT_SELECTOR/count_reg[16]
  -------------------------------------------------------------------
                         required time                         15.176    
                         arrival time                          -7.412    
  -------------------------------------------------------------------
                         slack                                  7.764    

Slack (MET) :             7.800ns  (required time - arrival time)
  Source:                 SEVEN_SEGMENT_DISPLAY/DIGIT_SELECTOR/count_reg[0]/C
                            (rising edge-triggered cell FDRE clocked by sys_clk_pin  {rise@0.000ns fall@5.000ns period=10.000ns})
  Destination:            SEVEN_SEGMENT_DISPLAY/DIGIT_SELECTOR/count_reg[13]/D
                            (rising edge-triggered cell FDRE clocked by sys_clk_pin  {rise@0.000ns fall@5.000ns period=10.000ns})
  Path Group:             sys_clk_pin
  Path Type:              Setup (Max at Slow Process Corner)
  Requirement:            10.000ns  (sys_clk_pin rise@10.000ns - sys_clk_pin rise@0.000ns)
  Data Path Delay:        2.245ns  (logic 1.712ns (76.250%)  route 0.533ns (23.750%))
  Logic Levels:           5  (CARRY4=4 LUT1=1)
  Clock Path Skew:        -0.028ns (DCD - SCD + CPR)
    Destination Clock Delay (DCD):    4.842ns = ( 14.842 - 10.000 ) 
    Source Clock Delay      (SCD):    5.144ns
    Clock Pessimism Removal (CPR):    0.274ns
  Clock Uncertainty:      0.035ns  ((TSJ^2 + TIJ^2)^1/2 + DJ) / 2 + PE
    Total System Jitter     (TSJ):    0.071ns
    Total Input Jitter      (TIJ):    0.000ns
    Discrete Jitter          (DJ):    0.000ns
    Phase Error              (PE):    0.000ns

    Location             Delay type                Incr(ns)  Path(ns)    Netlist Resource(s)
  -------------------------------------------------------------------    -------------------
                         (clock sys_clk_pin rise edge)
                                                      0.000     0.000 r  
    W5                                                0.000     0.000 r  clk (IN)
                         net (fo=0)                   0.000     0.000    clk
    W5                   IBUF (Prop_ibuf_I_O)         1.458     1.458 r  clk_IBUF_inst/O
                         net (fo=1, routed)           1.967     3.425    clk_IBUF
    BUFGCTRL_X0Y0        BUFG (Prop_bufg_I_O)         0.096     3.521 r  clk_IBUF_BUFG_inst/O
                         net (fo=21, routed)          1.623     5.144    SEVEN_SEGMENT_DISPLAY/DIGIT_SELECTOR/clk_IBUF_BUFG
    SLICE_X60Y21         FDRE                                         r  SEVEN_SEGMENT_DISPLAY/DIGIT_SELECTOR/count_reg[0]/C
  -------------------------------------------------------------------    -------------------
    SLICE_X60Y21         FDRE (Prop_fdre_C_Q)         0.518     5.662 f  SEVEN_SEGMENT_DISPLAY/DIGIT_SELECTOR/count_reg[0]/Q
                         net (fo=2, routed)           0.533     6.196    SEVEN_SEGMENT_DISPLAY/DIGIT_SELECTOR/count_reg[0]
    SLICE_X60Y21         LUT1 (Prop_lut1_I0_O)        0.124     6.320 r  SEVEN_SEGMENT_DISPLAY/DIGIT_SELECTOR/count[0]_i_2/O
                         net (fo=1, routed)           0.000     6.320    SEVEN_SEGMENT_DISPLAY/DIGIT_SELECTOR/count[0]_i_2_n_0
    SLICE_X60Y21         CARRY4 (Prop_carry4_S[0]_CO[3])
                                                      0.513     6.833 r  SEVEN_SEGMENT_DISPLAY/DIGIT_SELECTOR/count_reg[0]_i_1/CO[3]
                         net (fo=1, routed)           0.000     6.833    SEVEN_SEGMENT_DISPLAY/DIGIT_SELECTOR/count_reg[0]_i_1_n_0
    SLICE_X60Y22         CARRY4 (Prop_carry4_CI_CO[3])
                                                      0.117     6.950 r  SEVEN_SEGMENT_DISPLAY/DIGIT_SELECTOR/count_reg[4]_i_1/CO[3]
                         net (fo=1, routed)           0.000     6.950    SEVEN_SEGMENT_DISPLAY/DIGIT_SELECTOR/count_reg[4]_i_1_n_0
    SLICE_X60Y23         CARRY4 (Prop_carry4_CI_CO[3])
                                                      0.117     7.067 r  SEVEN_SEGMENT_DISPLAY/DIGIT_SELECTOR/count_reg[8]_i_1/CO[3]
                         net (fo=1, routed)           0.000     7.067    SEVEN_SEGMENT_DISPLAY/DIGIT_SELECTOR/count_reg[8]_i_1_n_0
    SLICE_X60Y24         CARRY4 (Prop_carry4_CI_O[1])
                                                      0.323     7.390 r  SEVEN_SEGMENT_DISPLAY/DIGIT_SELECTOR/count_reg[12]_i_1/O[1]
                         net (fo=1, routed)           0.000     7.390    SEVEN_SEGMENT_DISPLAY/DIGIT_SELECTOR/count_reg[12]_i_1_n_6
    SLICE_X60Y24         FDRE                                         r  SEVEN_SEGMENT_DISPLAY/DIGIT_SELECTOR/count_reg[13]/D
  -------------------------------------------------------------------    -------------------

                         (clock sys_clk_pin rise edge)
                                                     10.000    10.000 r  
    W5                                                0.000    10.000 r  clk (IN)
                         net (fo=0)                   0.000    10.000    clk
    W5                   IBUF (Prop_ibuf_I_O)         1.388    11.388 r  clk_IBUF_inst/O
                         net (fo=1, routed)           1.862    13.250    clk_IBUF
    BUFGCTRL_X0Y0        BUFG (Prop_bufg_I_O)         0.091    13.341 r  clk_IBUF_BUFG_inst/O
                         net (fo=21, routed)          1.501    14.842    SEVEN_SEGMENT_DISPLAY/DIGIT_SELECTOR/clk_IBUF_BUFG
    SLICE_X60Y24         FDRE                                         r  SEVEN_SEGMENT_DISPLAY/DIGIT_SELECTOR/count_reg[13]/C
                         clock pessimism              0.274    15.116    
                         clock uncertainty           -0.035    15.081    
    SLICE_X60Y24         FDRE (Setup_fdre_C_D)        0.109    15.190    SEVEN_SEGMENT_DISPLAY/DIGIT_SELECTOR/count_reg[13]
  -------------------------------------------------------------------
                         required time                         15.190    
                         arrival time                          -7.390    
  -------------------------------------------------------------------
                         slack                                  7.800    

Slack (MET) :             7.808ns  (required time - arrival time)
  Source:                 SEVEN_SEGMENT_DISPLAY/DIGIT_SELECTOR/count_reg[0]/C
                            (rising edge-triggered cell FDRE clocked by sys_clk_pin  {rise@0.000ns fall@5.000ns period=10.000ns})
  Destination:            SEVEN_SEGMENT_DISPLAY/DIGIT_SELECTOR/count_reg[15]/D
                            (rising edge-triggered cell FDRE clocked by sys_clk_pin  {rise@0.000ns fall@5.000ns period=10.000ns})
  Path Group:             sys_clk_pin
  Path Type:              Setup (Max at Slow Process Corner)
  Requirement:            10.000ns  (sys_clk_pin rise@10.000ns - sys_clk_pin rise@0.000ns)
  Data Path Delay:        2.237ns  (logic 1.704ns (76.165%)  route 0.533ns (23.835%))
  Logic Levels:           5  (CARRY4=4 LUT1=1)
  Clock Path Skew:        -0.028ns (DCD - SCD + CPR)
    Destination Clock Delay (DCD):    4.842ns = ( 14.842 - 10.000 ) 
    Source Clock Delay      (SCD):    5.144ns
    Clock Pessimism Removal (CPR):    0.274ns
  Clock Uncertainty:      0.035ns  ((TSJ^2 + TIJ^2)^1/2 + DJ) / 2 + PE
    Total System Jitter     (TSJ):    0.071ns
    Total Input Jitter      (TIJ):    0.000ns
    Discrete Jitter          (DJ):    0.000ns
    Phase Error              (PE):    0.000ns

    Location             Delay type                Incr(ns)  Path(ns)    Netlist Resource(s)
  -------------------------------------------------------------------    -------------------
                         (clock sys_clk_pin rise edge)
                                                      0.000     0.000 r  
    W5                                                0.000     0.000 r  clk (IN)
                         net (fo=0)                   0.000     0.000    clk
    W5                   IBUF (Prop_ibuf_I_O)         1.458     1.458 r  clk_IBUF_inst/O
                         net (fo=1, routed)           1.967     3.425    clk_IBUF
    BUFGCTRL_X0Y0        BUFG (Prop_bufg_I_O)         0.096     3.521 r  clk_IBUF_BUFG_inst/O
                         net (fo=21, routed)          1.623     5.144    SEVEN_SEGMENT_DISPLAY/DIGIT_SELECTOR/clk_IBUF_BUFG
    SLICE_X60Y21         FDRE                                         r  SEVEN_SEGMENT_DISPLAY/DIGIT_SELECTOR/count_reg[0]/C
  -------------------------------------------------------------------    -------------------
    SLICE_X60Y21         FDRE (Prop_fdre_C_Q)         0.518     5.662 f  SEVEN_SEGMENT_DISPLAY/DIGIT_SELECTOR/count_reg[0]/Q
                         net (fo=2, routed)           0.533     6.196    SEVEN_SEGMENT_DISPLAY/DIGIT_SELECTOR/count_reg[0]
    SLICE_X60Y21         LUT1 (Prop_lut1_I0_O)        0.124     6.320 r  SEVEN_SEGMENT_DISPLAY/DIGIT_SELECTOR/count[0]_i_2/O
                         net (fo=1, routed)           0.000     6.320    SEVEN_SEGMENT_DISPLAY/DIGIT_SELECTOR/count[0]_i_2_n_0
    SLICE_X60Y21         CARRY4 (Prop_carry4_S[0]_CO[3])
                                                      0.513     6.833 r  SEVEN_SEGMENT_DISPLAY/DIGIT_SELECTOR/count_reg[0]_i_1/CO[3]
                         net (fo=1, routed)           0.000     6.833    SEVEN_SEGMENT_DISPLAY/DIGIT_SELECTOR/count_reg[0]_i_1_n_0
    SLICE_X60Y22         CARRY4 (Prop_carry4_CI_CO[3])
                                                      0.117     6.950 r  SEVEN_SEGMENT_DISPLAY/DIGIT_SELECTOR/count_reg[4]_i_1/CO[3]
                         net (fo=1, routed)           0.000     6.950    SEVEN_SEGMENT_DISPLAY/DIGIT_SELECTOR/count_reg[4]_i_1_n_0
    SLICE_X60Y23         CARRY4 (Prop_carry4_CI_CO[3])
                                                      0.117     7.067 r  SEVEN_SEGMENT_DISPLAY/DIGIT_SELECTOR/count_reg[8]_i_1/CO[3]
                         net (fo=1, routed)           0.000     7.067    SEVEN_SEGMENT_DISPLAY/DIGIT_SELECTOR/count_reg[8]_i_1_n_0
    SLICE_X60Y24         CARRY4 (Prop_carry4_CI_O[3])
                                                      0.315     7.382 r  SEVEN_SEGMENT_DISPLAY/DIGIT_SELECTOR/count_reg[12]_i_1/O[3]
                         net (fo=1, routed)           0.000     7.382    SEVEN_SEGMENT_DISPLAY/DIGIT_SELECTOR/count_reg[12]_i_1_n_4
    SLICE_X60Y24         FDRE                                         r  SEVEN_SEGMENT_DISPLAY/DIGIT_SELECTOR/count_reg[15]/D
  -------------------------------------------------------------------    -------------------

                         (clock sys_clk_pin rise edge)
                                                     10.000    10.000 r  
    W5                                                0.000    10.000 r  clk (IN)
                         net (fo=0)                   0.000    10.000    clk
    W5                   IBUF (Prop_ibuf_I_O)         1.388    11.388 r  clk_IBUF_inst/O
                         net (fo=1, routed)           1.862    13.250    clk_IBUF
    BUFGCTRL_X0Y0        BUFG (Prop_bufg_I_O)         0.091    13.341 r  clk_IBUF_BUFG_inst/O
                         net (fo=21, routed)          1.501    14.842    SEVEN_SEGMENT_DISPLAY/DIGIT_SELECTOR/clk_IBUF_BUFG
    SLICE_X60Y24         FDRE                                         r  SEVEN_SEGMENT_DISPLAY/DIGIT_SELECTOR/count_reg[15]/C
                         clock pessimism              0.274    15.116    
                         clock uncertainty           -0.035    15.081    
    SLICE_X60Y24         FDRE (Setup_fdre_C_D)        0.109    15.190    SEVEN_SEGMENT_DISPLAY/DIGIT_SELECTOR/count_reg[15]
  -------------------------------------------------------------------
                         required time                         15.190    
                         arrival time                          -7.382    
  -------------------------------------------------------------------
                         slack                                  7.808    

Slack (MET) :             7.884ns  (required time - arrival time)
  Source:                 SEVEN_SEGMENT_DISPLAY/DIGIT_SELECTOR/count_reg[0]/C
                            (rising edge-triggered cell FDRE clocked by sys_clk_pin  {rise@0.000ns fall@5.000ns period=10.000ns})
  Destination:            SEVEN_SEGMENT_DISPLAY/DIGIT_SELECTOR/count_reg[14]/D
                            (rising edge-triggered cell FDRE clocked by sys_clk_pin  {rise@0.000ns fall@5.000ns period=10.000ns})
  Path Group:             sys_clk_pin
  Path Type:              Setup (Max at Slow Process Corner)
  Requirement:            10.000ns  (sys_clk_pin rise@10.000ns - sys_clk_pin rise@0.000ns)
  Data Path Delay:        2.161ns  (logic 1.628ns (75.327%)  route 0.533ns (24.673%))
  Logic Levels:           5  (CARRY4=4 LUT1=1)
  Clock Path Skew:        -0.028ns (DCD - SCD + CPR)
    Destination Clock Delay (DCD):    4.842ns = ( 14.842 - 10.000 ) 
    Source Clock Delay      (SCD):    5.144ns
    Clock Pessimism Removal (CPR):    0.274ns
  Clock Uncertainty:      0.035ns  ((TSJ^2 + TIJ^2)^1/2 + DJ) / 2 + PE
    Total System Jitter     (TSJ):    0.071ns
    Total Input Jitter      (TIJ):    0.000ns
    Discrete Jitter          (DJ):    0.000ns
    Phase Error              (PE):    0.000ns

    Location             Delay type                Incr(ns)  Path(ns)    Netlist Resource(s)
  -------------------------------------------------------------------    -------------------
                         (clock sys_clk_pin rise edge)
                                                      0.000     0.000 r  
    W5                                                0.000     0.000 r  clk (IN)
                         net (fo=0)                   0.000     0.000    clk
    W5                   IBUF (Prop_ibuf_I_O)         1.458     1.458 r  clk_IBUF_inst/O
                         net (fo=1, routed)           1.967     3.425    clk_IBUF
    BUFGCTRL_X0Y0        BUFG (Prop_bufg_I_O)         0.096     3.521 r  clk_IBUF_BUFG_inst/O
                         net (fo=21, routed)          1.623     5.144    SEVEN_SEGMENT_DISPLAY/DIGIT_SELECTOR/clk_IBUF_BUFG
    SLICE_X60Y21         FDRE                                         r  SEVEN_SEGMENT_DISPLAY/DIGIT_SELECTOR/count_reg[0]/C
  -------------------------------------------------------------------    -------------------
    SLICE_X60Y21         FDRE (Prop_fdre_C_Q)         0.518     5.662 f  SEVEN_SEGMENT_DISPLAY/DIGIT_SELECTOR/count_reg[0]/Q
                         net (fo=2, routed)           0.533     6.196    SEVEN_SEGMENT_DISPLAY/DIGIT_SELECTOR/count_reg[0]
    SLICE_X60Y21         LUT1 (Prop_lut1_I0_O)        0.124     6.320 r  SEVEN_SEGMENT_DISPLAY/DIGIT_SELECTOR/count[0]_i_2/O
                         net (fo=1, routed)           0.000     6.320    SEVEN_SEGMENT_DISPLAY/DIGIT_SELECTOR/count[0]_i_2_n_0
    SLICE_X60Y21         CARRY4 (Prop_carry4_S[0]_CO[3])
                                                      0.513     6.833 r  SEVEN_SEGMENT_DISPLAY/DIGIT_SELECTOR/count_reg[0]_i_1/CO[3]
                         net (fo=1, routed)           0.000     6.833    SEVEN_SEGMENT_DISPLAY/DIGIT_SELECTOR/count_reg[0]_i_1_n_0
    SLICE_X60Y22         CARRY4 (Prop_carry4_CI_CO[3])
                                                      0.117     6.950 r  SEVEN_SEGMENT_DISPLAY/DIGIT_SELECTOR/count_reg[4]_i_1/CO[3]
                         net (fo=1, routed)           0.000     6.950    SEVEN_SEGMENT_DISPLAY/DIGIT_SELECTOR/count_reg[4]_i_1_n_0
    SLICE_X60Y23         CARRY4 (Prop_carry4_CI_CO[3])
                                                      0.117     7.067 r  SEVEN_SEGMENT_DISPLAY/DIGIT_SELECTOR/count_reg[8]_i_1/CO[3]
                         net (fo=1, routed)           0.000     7.067    SEVEN_SEGMENT_DISPLAY/DIGIT_SELECTOR/count_reg[8]_i_1_n_0
    SLICE_X60Y24         CARRY4 (Prop_carry4_CI_O[2])
                                                      0.239     7.306 r  SEVEN_SEGMENT_DISPLAY/DIGIT_SELECTOR/count_reg[12]_i_1/O[2]
                         net (fo=1, routed)           0.000     7.306    SEVEN_SEGMENT_DISPLAY/DIGIT_SELECTOR/count_reg[12]_i_1_n_5
    SLICE_X60Y24         FDRE                                         r  SEVEN_SEGMENT_DISPLAY/DIGIT_SELECTOR/count_reg[14]/D
  -------------------------------------------------------------------    -------------------

                         (clock sys_clk_pin rise edge)
                                                     10.000    10.000 r  
    W5                                                0.000    10.000 r  clk (IN)
                         net (fo=0)                   0.000    10.000    clk
    W5                   IBUF (Prop_ibuf_I_O)         1.388    11.388 r  clk_IBUF_inst/O
                         net (fo=1, routed)           1.862    13.250    clk_IBUF
    BUFGCTRL_X0Y0        BUFG (Prop_bufg_I_O)         0.091    13.341 r  clk_IBUF_BUFG_inst/O
                         net (fo=21, routed)          1.501    14.842    SEVEN_SEGMENT_DISPLAY/DIGIT_SELECTOR/clk_IBUF_BUFG
    SLICE_X60Y24         FDRE                                         r  SEVEN_SEGMENT_DISPLAY/DIGIT_SELECTOR/count_reg[14]/C
                         clock pessimism              0.274    15.116    
                         clock uncertainty           -0.035    15.081    
    SLICE_X60Y24         FDRE (Setup_fdre_C_D)        0.109    15.190    SEVEN_SEGMENT_DISPLAY/DIGIT_SELECTOR/count_reg[14]
  -------------------------------------------------------------------
                         required time                         15.190    
                         arrival time                          -7.306    
  -------------------------------------------------------------------
                         slack                                  7.884    

Slack (MET) :             7.904ns  (required time - arrival time)
  Source:                 SEVEN_SEGMENT_DISPLAY/DIGIT_SELECTOR/count_reg[0]/C
                            (rising edge-triggered cell FDRE clocked by sys_clk_pin  {rise@0.000ns fall@5.000ns period=10.000ns})
  Destination:            SEVEN_SEGMENT_DISPLAY/DIGIT_SELECTOR/count_reg[12]/D
                            (rising edge-triggered cell FDRE clocked by sys_clk_pin  {rise@0.000ns fall@5.000ns period=10.000ns})
  Path Group:             sys_clk_pin
  Path Type:              Setup (Max at Slow Process Corner)
  Requirement:            10.000ns  (sys_clk_pin rise@10.000ns - sys_clk_pin rise@0.000ns)
  Data Path Delay:        2.141ns  (logic 1.608ns (75.097%)  route 0.533ns (24.903%))
  Logic Levels:           5  (CARRY4=4 LUT1=1)
  Clock Path Skew:        -0.028ns (DCD - SCD + CPR)
    Destination Clock Delay (DCD):    4.842ns = ( 14.842 - 10.000 ) 
    Source Clock Delay      (SCD):    5.144ns
    Clock Pessimism Removal (CPR):    0.274ns
  Clock Uncertainty:      0.035ns  ((TSJ^2 + TIJ^2)^1/2 + DJ) / 2 + PE
    Total System Jitter     (TSJ):    0.071ns
    Total Input Jitter      (TIJ):    0.000ns
    Discrete Jitter          (DJ):    0.000ns
    Phase Error              (PE):    0.000ns

    Location             Delay type                Incr(ns)  Path(ns)    Netlist Resource(s)
  -------------------------------------------------------------------    -------------------
                         (clock sys_clk_pin rise edge)
                                                      0.000     0.000 r  
    W5                                                0.000     0.000 r  clk (IN)
                         net (fo=0)                   0.000     0.000    clk
    W5                   IBUF (Prop_ibuf_I_O)         1.458     1.458 r  clk_IBUF_inst/O
                         net (fo=1, routed)           1.967     3.425    clk_IBUF
    BUFGCTRL_X0Y0        BUFG (Prop_bufg_I_O)         0.096     3.521 r  clk_IBUF_BUFG_inst/O
                         net (fo=21, routed)          1.623     5.144    SEVEN_SEGMENT_DISPLAY/DIGIT_SELECTOR/clk_IBUF_BUFG
    SLICE_X60Y21         FDRE                                         r  SEVEN_SEGMENT_DISPLAY/DIGIT_SELECTOR/count_reg[0]/C
  -------------------------------------------------------------------    -------------------
    SLICE_X60Y21         FDRE (Prop_fdre_C_Q)         0.518     5.662 f  SEVEN_SEGMENT_DISPLAY/DIGIT_SELECTOR/count_reg[0]/Q
                         net (fo=2, routed)           0.533     6.196    SEVEN_SEGMENT_DISPLAY/DIGIT_SELECTOR/count_reg[0]
    SLICE_X60Y21         LUT1 (Prop_lut1_I0_O)        0.124     6.320 r  SEVEN_SEGMENT_DISPLAY/DIGIT_SELECTOR/count[0]_i_2/O
                         net (fo=1, routed)           0.000     6.320    SEVEN_SEGMENT_DISPLAY/DIGIT_SELECTOR/count[0]_i_2_n_0
    SLICE_X60Y21         CARRY4 (Prop_carry4_S[0]_CO[3])
                                                      0.513     6.833 r  SEVEN_SEGMENT_DISPLAY/DIGIT_SELECTOR/count_reg[0]_i_1/CO[3]
                         net (fo=1, routed)           0.000     6.833    SEVEN_SEGMENT_DISPLAY/DIGIT_SELECTOR/count_reg[0]_i_1_n_0
    SLICE_X60Y22         CARRY4 (Prop_carry4_CI_CO[3])
                                                      0.117     6.950 r  SEVEN_SEGMENT_DISPLAY/DIGIT_SELECTOR/count_reg[4]_i_1/CO[3]
                         net (fo=1, routed)           0.000     6.950    SEVEN_SEGMENT_DISPLAY/DIGIT_SELECTOR/count_reg[4]_i_1_n_0
    SLICE_X60Y23         CARRY4 (Prop_carry4_CI_CO[3])
                                                      0.117     7.067 r  SEVEN_SEGMENT_DISPLAY/DIGIT_SELECTOR/count_reg[8]_i_1/CO[3]
                         net (fo=1, routed)           0.000     7.067    SEVEN_SEGMENT_DISPLAY/DIGIT_SELECTOR/count_reg[8]_i_1_n_0
    SLICE_X60Y24         CARRY4 (Prop_carry4_CI_O[0])
                                                      0.219     7.286 r  SEVEN_SEGMENT_DISPLAY/DIGIT_SELECTOR/count_reg[12]_i_1/O[0]
                         net (fo=1, routed)           0.000     7.286    SEVEN_SEGMENT_DISPLAY/DIGIT_SELECTOR/count_reg[12]_i_1_n_7
    SLICE_X60Y24         FDRE                                         r  SEVEN_SEGMENT_DISPLAY/DIGIT_SELECTOR/count_reg[12]/D
  -------------------------------------------------------------------    -------------------

                         (clock sys_clk_pin rise edge)
                                                     10.000    10.000 r  
    W5                                                0.000    10.000 r  clk (IN)
                         net (fo=0)                   0.000    10.000    clk
    W5                   IBUF (Prop_ibuf_I_O)         1.388    11.388 r  clk_IBUF_inst/O
                         net (fo=1, routed)           1.862    13.250    clk_IBUF
    BUFGCTRL_X0Y0        BUFG (Prop_bufg_I_O)         0.091    13.341 r  clk_IBUF_BUFG_inst/O
                         net (fo=21, routed)          1.501    14.842    SEVEN_SEGMENT_DISPLAY/DIGIT_SELECTOR/clk_IBUF_BUFG
    SLICE_X60Y24         FDRE                                         r  SEVEN_SEGMENT_DISPLAY/DIGIT_SELECTOR/count_reg[12]/C
                         clock pessimism              0.274    15.116    
                         clock uncertainty           -0.035    15.081    
    SLICE_X60Y24         FDRE (Setup_fdre_C_D)        0.109    15.190    SEVEN_SEGMENT_DISPLAY/DIGIT_SELECTOR/count_reg[12]
  -------------------------------------------------------------------
                         required time                         15.190    
                         arrival time                          -7.286    
  -------------------------------------------------------------------
                         slack                                  7.904    

Slack (MET) :             7.919ns  (required time - arrival time)
  Source:                 SEVEN_SEGMENT_DISPLAY/DIGIT_SELECTOR/count_reg[0]/C
                            (rising edge-triggered cell FDRE clocked by sys_clk_pin  {rise@0.000ns fall@5.000ns period=10.000ns})
  Destination:            SEVEN_SEGMENT_DISPLAY/DIGIT_SELECTOR/count_reg[9]/D
                            (rising edge-triggered cell FDRE clocked by sys_clk_pin  {rise@0.000ns fall@5.000ns period=10.000ns})
  Path Group:             sys_clk_pin
  Path Type:              Setup (Max at Slow Process Corner)
  Requirement:            10.000ns  (sys_clk_pin rise@10.000ns - sys_clk_pin rise@0.000ns)
  Data Path Delay:        2.128ns  (logic 1.595ns (74.945%)  route 0.533ns (25.055%))
  Logic Levels:           4  (CARRY4=3 LUT1=1)
  Clock Path Skew:        -0.026ns (DCD - SCD + CPR)
    Destination Clock Delay (DCD):    4.844ns = ( 14.844 - 10.000 ) 
    Source Clock Delay      (SCD):    5.144ns
    Clock Pessimism Removal (CPR):    0.274ns
  Clock Uncertainty:      0.035ns  ((TSJ^2 + TIJ^2)^1/2 + DJ) / 2 + PE
    Total System Jitter     (TSJ):    0.071ns
    Total Input Jitter      (TIJ):    0.000ns
    Discrete Jitter          (DJ):    0.000ns
    Phase Error              (PE):    0.000ns

    Location             Delay type                Incr(ns)  Path(ns)    Netlist Resource(s)
  -------------------------------------------------------------------    -------------------
                         (clock sys_clk_pin rise edge)
                                                      0.000     0.000 r  
    W5                                                0.000     0.000 r  clk (IN)
                         net (fo=0)                   0.000     0.000    clk
    W5                   IBUF (Prop_ibuf_I_O)         1.458     1.458 r  clk_IBUF_inst/O
                         net (fo=1, routed)           1.967     3.425    clk_IBUF
    BUFGCTRL_X0Y0        BUFG (Prop_bufg_I_O)         0.096     3.521 r  clk_IBUF_BUFG_inst/O
                         net (fo=21, routed)          1.623     5.144    SEVEN_SEGMENT_DISPLAY/DIGIT_SELECTOR/clk_IBUF_BUFG
    SLICE_X60Y21         FDRE                                         r  SEVEN_SEGMENT_DISPLAY/DIGIT_SELECTOR/count_reg[0]/C
  -------------------------------------------------------------------    -------------------
    SLICE_X60Y21         FDRE (Prop_fdre_C_Q)         0.518     5.662 f  SEVEN_SEGMENT_DISPLAY/DIGIT_SELECTOR/count_reg[0]/Q
                         net (fo=2, routed)           0.533     6.196    SEVEN_SEGMENT_DISPLAY/DIGIT_SELECTOR/count_reg[0]
    SLICE_X60Y21         LUT1 (Prop_lut1_I0_O)        0.124     6.320 r  SEVEN_SEGMENT_DISPLAY/DIGIT_SELECTOR/count[0]_i_2/O
                         net (fo=1, routed)           0.000     6.320    SEVEN_SEGMENT_DISPLAY/DIGIT_SELECTOR/count[0]_i_2_n_0
    SLICE_X60Y21         CARRY4 (Prop_carry4_S[0]_CO[3])
                                                      0.513     6.833 r  SEVEN_SEGMENT_DISPLAY/DIGIT_SELECTOR/count_reg[0]_i_1/CO[3]
                         net (fo=1, routed)           0.000     6.833    SEVEN_SEGMENT_DISPLAY/DIGIT_SELECTOR/count_reg[0]_i_1_n_0
    SLICE_X60Y22         CARRY4 (Prop_carry4_CI_CO[3])
                                                      0.117     6.950 r  SEVEN_SEGMENT_DISPLAY/DIGIT_SELECTOR/count_reg[4]_i_1/CO[3]
                         net (fo=1, routed)           0.000     6.950    SEVEN_SEGMENT_DISPLAY/DIGIT_SELECTOR/count_reg[4]_i_1_n_0
    SLICE_X60Y23         CARRY4 (Prop_carry4_CI_O[1])
                                                      0.323     7.273 r  SEVEN_SEGMENT_DISPLAY/DIGIT_SELECTOR/count_reg[8]_i_1/O[1]
                         net (fo=1, routed)           0.000     7.273    SEVEN_SEGMENT_DISPLAY/DIGIT_SELECTOR/count_reg[8]_i_1_n_6
    SLICE_X60Y23         FDRE                                         r  SEVEN_SEGMENT_DISPLAY/DIGIT_SELECTOR/count_reg[9]/D
  -------------------------------------------------------------------    -------------------

                         (clock sys_clk_pin rise edge)
                                                     10.000    10.000 r  
    W5                                                0.000    10.000 r  clk (IN)
                         net (fo=0)                   0.000    10.000    clk
    W5                   IBUF (Prop_ibuf_I_O)         1.388    11.388 r  clk_IBUF_inst/O
                         net (fo=1, routed)           1.862    13.250    clk_IBUF
    BUFGCTRL_X0Y0        BUFG (Prop_bufg_I_O)         0.091    13.341 r  clk_IBUF_BUFG_inst/O
                         net (fo=21, routed)          1.503    14.844    SEVEN_SEGMENT_DISPLAY/DIGIT_SELECTOR/clk_IBUF_BUFG
    SLICE_X60Y23         FDRE                                         r  SEVEN_SEGMENT_DISPLAY/DIGIT_SELECTOR/count_reg[9]/C
                         clock pessimism              0.274    15.118    
                         clock uncertainty           -0.035    15.083    
    SLICE_X60Y23         FDRE (Setup_fdre_C_D)        0.109    15.192    SEVEN_SEGMENT_DISPLAY/DIGIT_SELECTOR/count_reg[9]
  -------------------------------------------------------------------
                         required time                         15.192    
                         arrival time                          -7.273    
  -------------------------------------------------------------------
                         slack                                  7.919    





Min Delay Paths
--------------------------------------------------------------------------------------
Slack (MET) :             0.255ns  (arrival time - required time)
  Source:                 SEVEN_SEGMENT_DISPLAY/DIGIT_SELECTOR/q_reg[3]/C
                            (rising edge-triggered cell FDRE clocked by sys_clk_pin  {rise@0.000ns fall@5.000ns period=10.000ns})
  Destination:            SEVEN_SEGMENT_DISPLAY/DIGIT_SELECTOR/q_reg[0]/D
                            (rising edge-triggered cell FDSE clocked by sys_clk_pin  {rise@0.000ns fall@5.000ns period=10.000ns})
  Path Group:             sys_clk_pin
  Path Type:              Hold (Min at Fast Process Corner)
  Requirement:            0.000ns  (sys_clk_pin rise@0.000ns - sys_clk_pin rise@0.000ns)
  Data Path Delay:        0.357ns  (logic 0.186ns (52.051%)  route 0.171ns (47.949%))
  Logic Levels:           1  (LUT4=1)
  Clock Path Skew:        0.011ns (DCD - SCD - CPR)
    Destination Clock Delay (DCD):    1.976ns
    Source Clock Delay      (SCD):    1.467ns
    Clock Pessimism Removal (CPR):    0.498ns

    Location             Delay type                Incr(ns)  Path(ns)    Netlist Resource(s)
  -------------------------------------------------------------------    -------------------
                         (clock sys_clk_pin rise edge)
                                                      0.000     0.000 r  
    W5                                                0.000     0.000 r  clk (IN)
                         net (fo=0)                   0.000     0.000    clk
    W5                   IBUF (Prop_ibuf_I_O)         0.226     0.226 r  clk_IBUF_inst/O
                         net (fo=1, routed)           0.631     0.858    clk_IBUF
    BUFGCTRL_X0Y0        BUFG (Prop_bufg_I_O)         0.026     0.884 r  clk_IBUF_BUFG_inst/O
                         net (fo=21, routed)          0.584     1.467    SEVEN_SEGMENT_DISPLAY/DIGIT_SELECTOR/clk_IBUF_BUFG
    SLICE_X61Y22         FDRE                                         r  SEVEN_SEGMENT_DISPLAY/DIGIT_SELECTOR/q_reg[3]/C
  -------------------------------------------------------------------    -------------------
    SLICE_X61Y22         FDRE (Prop_fdre_C_Q)         0.141     1.608 r  SEVEN_SEGMENT_DISPLAY/DIGIT_SELECTOR/q_reg[3]/Q
                         net (fo=8, routed)           0.171     1.779    SEVEN_SEGMENT_DISPLAY/DIGIT_SELECTOR/d[0]
    SLICE_X61Y23         LUT4 (Prop_lut4_I0_O)        0.045     1.824 r  SEVEN_SEGMENT_DISPLAY/DIGIT_SELECTOR/q[0]_i_1/O
                         net (fo=1, routed)           0.000     1.824    SEVEN_SEGMENT_DISPLAY/DIGIT_SELECTOR/q[0]_i_1_n_0
    SLICE_X61Y23         FDSE                                         r  SEVEN_SEGMENT_DISPLAY/DIGIT_SELECTOR/q_reg[0]/D
  -------------------------------------------------------------------    -------------------

                         (clock sys_clk_pin rise edge)
                                                      0.000     0.000 r  
    W5                                                0.000     0.000 r  clk (IN)
                         net (fo=0)                   0.000     0.000    clk
    W5                   IBUF (Prop_ibuf_I_O)         0.414     0.414 r  clk_IBUF_inst/O
                         net (fo=1, routed)           0.685     1.099    clk_IBUF
    BUFGCTRL_X0Y0        BUFG (Prop_bufg_I_O)         0.029     1.128 r  clk_IBUF_BUFG_inst/O
                         net (fo=21, routed)          0.849     1.976    SEVEN_SEGMENT_DISPLAY/DIGIT_SELECTOR/clk_IBUF_BUFG
    SLICE_X61Y23         FDSE                                         r  SEVEN_SEGMENT_DISPLAY/DIGIT_SELECTOR/q_reg[0]/C
                         clock pessimism             -0.498     1.478    
    SLICE_X61Y23         FDSE (Hold_fdse_C_D)         0.091     1.569    SEVEN_SEGMENT_DISPLAY/DIGIT_SELECTOR/q_reg[0]
  -------------------------------------------------------------------
                         required time                         -1.569    
                         arrival time                           1.824    
  -------------------------------------------------------------------
                         slack                                  0.255    

Slack (MET) :             0.262ns  (arrival time - required time)
  Source:                 SEVEN_SEGMENT_DISPLAY/DIGIT_SELECTOR/q_reg[0]/C
                            (rising edge-triggered cell FDSE clocked by sys_clk_pin  {rise@0.000ns fall@5.000ns period=10.000ns})
  Destination:            SEVEN_SEGMENT_DISPLAY/DIGIT_SELECTOR/q_reg[2]/D
                            (rising edge-triggered cell FDSE clocked by sys_clk_pin  {rise@0.000ns fall@5.000ns period=10.000ns})
  Path Group:             sys_clk_pin
  Path Type:              Hold (Min at Fast Process Corner)
  Requirement:            0.000ns  (sys_clk_pin rise@0.000ns - sys_clk_pin rise@0.000ns)
  Data Path Delay:        0.354ns  (logic 0.186ns (52.476%)  route 0.168ns (47.524%))
  Logic Levels:           1  (LUT4=1)
  Clock Path Skew:        0.000ns (DCD - SCD - CPR)
    Destination Clock Delay (DCD):    1.976ns
    Source Clock Delay      (SCD):    1.465ns
    Clock Pessimism Removal (CPR):    0.511ns

    Location             Delay type                Incr(ns)  Path(ns)    Netlist Resource(s)
  -------------------------------------------------------------------    -------------------
                         (clock sys_clk_pin rise edge)
                                                      0.000     0.000 r  
    W5                                                0.000     0.000 r  clk (IN)
                         net (fo=0)                   0.000     0.000    clk
    W5                   IBUF (Prop_ibuf_I_O)         0.226     0.226 r  clk_IBUF_inst/O
                         net (fo=1, routed)           0.631     0.858    clk_IBUF
    BUFGCTRL_X0Y0        BUFG (Prop_bufg_I_O)         0.026     0.884 r  clk_IBUF_BUFG_inst/O
                         net (fo=21, routed)          0.582     1.465    SEVEN_SEGMENT_DISPLAY/DIGIT_SELECTOR/clk_IBUF_BUFG
    SLICE_X61Y23         FDSE                                         r  SEVEN_SEGMENT_DISPLAY/DIGIT_SELECTOR/q_reg[0]/C
  -------------------------------------------------------------------    -------------------
    SLICE_X61Y23         FDSE (Prop_fdse_C_Q)         0.141     1.606 f  SEVEN_SEGMENT_DISPLAY/DIGIT_SELECTOR/q_reg[0]/Q
                         net (fo=13, routed)          0.168     1.775    SEVEN_SEGMENT_DISPLAY/DIGIT_SELECTOR/digit_select[0]
    SLICE_X61Y23         LUT4 (Prop_lut4_I1_O)        0.045     1.820 r  SEVEN_SEGMENT_DISPLAY/DIGIT_SELECTOR/q[2]_i_1/O
                         net (fo=1, routed)           0.000     1.820    SEVEN_SEGMENT_DISPLAY/DIGIT_SELECTOR/q[2]_i_1_n_0
    SLICE_X61Y23         FDSE                                         r  SEVEN_SEGMENT_DISPLAY/DIGIT_SELECTOR/q_reg[2]/D
  -------------------------------------------------------------------    -------------------

                         (clock sys_clk_pin rise edge)
                                                      0.000     0.000 r  
    W5                                                0.000     0.000 r  clk (IN)
                         net (fo=0)                   0.000     0.000    clk
    W5                   IBUF (Prop_ibuf_I_O)         0.414     0.414 r  clk_IBUF_inst/O
                         net (fo=1, routed)           0.685     1.099    clk_IBUF
    BUFGCTRL_X0Y0        BUFG (Prop_bufg_I_O)         0.029     1.128 r  clk_IBUF_BUFG_inst/O
                         net (fo=21, routed)          0.849     1.976    SEVEN_SEGMENT_DISPLAY/DIGIT_SELECTOR/clk_IBUF_BUFG
    SLICE_X61Y23         FDSE                                         r  SEVEN_SEGMENT_DISPLAY/DIGIT_SELECTOR/q_reg[2]/C
                         clock pessimism             -0.511     1.465    
    SLICE_X61Y23         FDSE (Hold_fdse_C_D)         0.092     1.557    SEVEN_SEGMENT_DISPLAY/DIGIT_SELECTOR/q_reg[2]
  -------------------------------------------------------------------
                         required time                         -1.557    
                         arrival time                           1.820    
  -------------------------------------------------------------------
                         slack                                  0.262    

Slack (MET) :             0.265ns  (arrival time - required time)
  Source:                 SEVEN_SEGMENT_DISPLAY/DIGIT_SELECTOR/count_reg[14]/C
                            (rising edge-triggered cell FDRE clocked by sys_clk_pin  {rise@0.000ns fall@5.000ns period=10.000ns})
  Destination:            SEVEN_SEGMENT_DISPLAY/DIGIT_SELECTOR/count_reg[14]/D
                            (rising edge-triggered cell FDRE clocked by sys_clk_pin  {rise@0.000ns fall@5.000ns period=10.000ns})
  Path Group:             sys_clk_pin
  Path Type:              Hold (Min at Fast Process Corner)
  Requirement:            0.000ns  (sys_clk_pin rise@0.000ns - sys_clk_pin rise@0.000ns)
  Data Path Delay:        0.399ns  (logic 0.274ns (68.589%)  route 0.125ns (31.411%))
  Logic Levels:           1  (CARRY4=1)
  Clock Path Skew:        0.000ns (DCD - SCD - CPR)
    Destination Clock Delay (DCD):    1.975ns
    Source Clock Delay      (SCD):    1.464ns
    Clock Pessimism Removal (CPR):    0.511ns

    Location             Delay type                Incr(ns)  Path(ns)    Netlist Resource(s)
  -------------------------------------------------------------------    -------------------
                         (clock sys_clk_pin rise edge)
                                                      0.000     0.000 r  
    W5                                                0.000     0.000 r  clk (IN)
                         net (fo=0)                   0.000     0.000    clk
    W5                   IBUF (Prop_ibuf_I_O)         0.226     0.226 r  clk_IBUF_inst/O
                         net (fo=1, routed)           0.631     0.858    clk_IBUF
    BUFGCTRL_X0Y0        BUFG (Prop_bufg_I_O)         0.026     0.884 r  clk_IBUF_BUFG_inst/O
                         net (fo=21, routed)          0.581     1.464    SEVEN_SEGMENT_DISPLAY/DIGIT_SELECTOR/clk_IBUF_BUFG
    SLICE_X60Y24         FDRE                                         r  SEVEN_SEGMENT_DISPLAY/DIGIT_SELECTOR/count_reg[14]/C
  -------------------------------------------------------------------    -------------------
    SLICE_X60Y24         FDRE (Prop_fdre_C_Q)         0.164     1.628 r  SEVEN_SEGMENT_DISPLAY/DIGIT_SELECTOR/count_reg[14]/Q
                         net (fo=2, routed)           0.125     1.754    SEVEN_SEGMENT_DISPLAY/DIGIT_SELECTOR/count_reg[14]
    SLICE_X60Y24         CARRY4 (Prop_carry4_S[2]_O[2])
                                                      0.110     1.864 r  SEVEN_SEGMENT_DISPLAY/DIGIT_SELECTOR/count_reg[12]_i_1/O[2]
                         net (fo=1, routed)           0.000     1.864    SEVEN_SEGMENT_DISPLAY/DIGIT_SELECTOR/count_reg[12]_i_1_n_5
    SLICE_X60Y24         FDRE                                         r  SEVEN_SEGMENT_DISPLAY/DIGIT_SELECTOR/count_reg[14]/D
  -------------------------------------------------------------------    -------------------

                         (clock sys_clk_pin rise edge)
                                                      0.000     0.000 r  
    W5                                                0.000     0.000 r  clk (IN)
                         net (fo=0)                   0.000     0.000    clk
    W5                   IBUF (Prop_ibuf_I_O)         0.414     0.414 r  clk_IBUF_inst/O
                         net (fo=1, routed)           0.685     1.099    clk_IBUF
    BUFGCTRL_X0Y0        BUFG (Prop_bufg_I_O)         0.029     1.128 r  clk_IBUF_BUFG_inst/O
                         net (fo=21, routed)          0.848     1.975    SEVEN_SEGMENT_DISPLAY/DIGIT_SELECTOR/clk_IBUF_BUFG
    SLICE_X60Y24         FDRE                                         r  SEVEN_SEGMENT_DISPLAY/DIGIT_SELECTOR/count_reg[14]/C
                         clock pessimism             -0.511     1.464    
    SLICE_X60Y24         FDRE (Hold_fdre_C_D)         0.134     1.598    SEVEN_SEGMENT_DISPLAY/DIGIT_SELECTOR/count_reg[14]
  -------------------------------------------------------------------
                         required time                         -1.598    
                         arrival time                           1.864    
  -------------------------------------------------------------------
                         slack                                  0.265    

Slack (MET) :             0.267ns  (arrival time - required time)
  Source:                 SEVEN_SEGMENT_DISPLAY/DIGIT_SELECTOR/count_reg[2]/C
                            (rising edge-triggered cell FDRE clocked by sys_clk_pin  {rise@0.000ns fall@5.000ns period=10.000ns})
  Destination:            SEVEN_SEGMENT_DISPLAY/DIGIT_SELECTOR/count_reg[2]/D
                            (rising edge-triggered cell FDRE clocked by sys_clk_pin  {rise@0.000ns fall@5.000ns period=10.000ns})
  Path Group:             sys_clk_pin
  Path Type:              Hold (Min at Fast Process Corner)
  Requirement:            0.000ns  (sys_clk_pin rise@0.000ns - sys_clk_pin rise@0.000ns)
  Data Path Delay:        0.401ns  (logic 0.274ns (68.412%)  route 0.127ns (31.588%))
  Logic Levels:           1  (CARRY4=1)
  Clock Path Skew:        0.000ns (DCD - SCD - CPR)
    Destination Clock Delay (DCD):    1.979ns
    Source Clock Delay      (SCD):    1.467ns
    Clock Pessimism Removal (CPR):    0.512ns

    Location             Delay type                Incr(ns)  Path(ns)    Netlist Resource(s)
  -------------------------------------------------------------------    -------------------
                         (clock sys_clk_pin rise edge)
                                                      0.000     0.000 r  
    W5                                                0.000     0.000 r  clk (IN)
                         net (fo=0)                   0.000     0.000    clk
    W5                   IBUF (Prop_ibuf_I_O)         0.226     0.226 r  clk_IBUF_inst/O
                         net (fo=1, routed)           0.631     0.858    clk_IBUF
    BUFGCTRL_X0Y0        BUFG (Prop_bufg_I_O)         0.026     0.884 r  clk_IBUF_BUFG_inst/O
                         net (fo=21, routed)          0.584     1.467    SEVEN_SEGMENT_DISPLAY/DIGIT_SELECTOR/clk_IBUF_BUFG
    SLICE_X60Y21         FDRE                                         r  SEVEN_SEGMENT_DISPLAY/DIGIT_SELECTOR/count_reg[2]/C
  -------------------------------------------------------------------    -------------------
    SLICE_X60Y21         FDRE (Prop_fdre_C_Q)         0.164     1.631 r  SEVEN_SEGMENT_DISPLAY/DIGIT_SELECTOR/count_reg[2]/Q
                         net (fo=3, routed)           0.127     1.758    SEVEN_SEGMENT_DISPLAY/DIGIT_SELECTOR/count_reg[2]
    SLICE_X60Y21         CARRY4 (Prop_carry4_S[2]_O[2])
                                                      0.110     1.868 r  SEVEN_SEGMENT_DISPLAY/DIGIT_SELECTOR/count_reg[0]_i_1/O[2]
                         net (fo=1, routed)           0.000     1.868    SEVEN_SEGMENT_DISPLAY/DIGIT_SELECTOR/count_reg[0]_i_1_n_5
    SLICE_X60Y21         FDRE                                         r  SEVEN_SEGMENT_DISPLAY/DIGIT_SELECTOR/count_reg[2]/D
  -------------------------------------------------------------------    -------------------

                         (clock sys_clk_pin rise edge)
                                                      0.000     0.000 r  
    W5                                                0.000     0.000 r  clk (IN)
                         net (fo=0)                   0.000     0.000    clk
    W5                   IBUF (Prop_ibuf_I_O)         0.414     0.414 r  clk_IBUF_inst/O
                         net (fo=1, routed)           0.685     1.099    clk_IBUF
    BUFGCTRL_X0Y0        BUFG (Prop_bufg_I_O)         0.029     1.128 r  clk_IBUF_BUFG_inst/O
                         net (fo=21, routed)          0.852     1.979    SEVEN_SEGMENT_DISPLAY/DIGIT_SELECTOR/clk_IBUF_BUFG
    SLICE_X60Y21         FDRE                                         r  SEVEN_SEGMENT_DISPLAY/DIGIT_SELECTOR/count_reg[2]/C
                         clock pessimism             -0.512     1.467    
    SLICE_X60Y21         FDRE (Hold_fdre_C_D)         0.134     1.601    SEVEN_SEGMENT_DISPLAY/DIGIT_SELECTOR/count_reg[2]
  -------------------------------------------------------------------
                         required time                         -1.601    
                         arrival time                           1.868    
  -------------------------------------------------------------------
                         slack                                  0.267    

Slack (MET) :             0.275ns  (arrival time - required time)
  Source:                 SEVEN_SEGMENT_DISPLAY/DIGIT_SELECTOR/q_reg[3]/C
                            (rising edge-triggered cell FDRE clocked by sys_clk_pin  {rise@0.000ns fall@5.000ns period=10.000ns})
  Destination:            SEVEN_SEGMENT_DISPLAY/DIGIT_SELECTOR/q_reg[3]/D
                            (rising edge-triggered cell FDRE clocked by sys_clk_pin  {rise@0.000ns fall@5.000ns period=10.000ns})
  Path Group:             sys_clk_pin
  Path Type:              Hold (Min at Fast Process Corner)
  Requirement:            0.000ns  (sys_clk_pin rise@0.000ns - sys_clk_pin rise@0.000ns)
  Data Path Delay:        0.366ns  (logic 0.186ns (50.768%)  route 0.180ns (49.232%))
  Logic Levels:           1  (LUT6=1)
  Clock Path Skew:        0.000ns (DCD - SCD - CPR)
    Destination Clock Delay (DCD):    1.978ns
    Source Clock Delay      (SCD):    1.467ns
    Clock Pessimism Removal (CPR):    0.511ns

    Location             Delay type                Incr(ns)  Path(ns)    Netlist Resource(s)
  -------------------------------------------------------------------    -------------------
                         (clock sys_clk_pin rise edge)
                                                      0.000     0.000 r  
    W5                                                0.000     0.000 r  clk (IN)
                         net (fo=0)                   0.000     0.000    clk
    W5                   IBUF (Prop_ibuf_I_O)         0.226     0.226 r  clk_IBUF_inst/O
                         net (fo=1, routed)           0.631     0.858    clk_IBUF
    BUFGCTRL_X0Y0        BUFG (Prop_bufg_I_O)         0.026     0.884 r  clk_IBUF_BUFG_inst/O
                         net (fo=21, routed)          0.584     1.467    SEVEN_SEGMENT_DISPLAY/DIGIT_SELECTOR/clk_IBUF_BUFG
    SLICE_X61Y22         FDRE                                         r  SEVEN_SEGMENT_DISPLAY/DIGIT_SELECTOR/q_reg[3]/C
  -------------------------------------------------------------------    -------------------
    SLICE_X61Y22         FDRE (Prop_fdre_C_Q)         0.141     1.608 r  SEVEN_SEGMENT_DISPLAY/DIGIT_SELECTOR/q_reg[3]/Q
                         net (fo=8, routed)           0.180     1.789    SEVEN_SEGMENT_DISPLAY/DIGIT_SELECTOR/d[0]
    SLICE_X61Y22         LUT6 (Prop_lut6_I3_O)        0.045     1.834 r  SEVEN_SEGMENT_DISPLAY/DIGIT_SELECTOR/q[3]_i_1/O
                         net (fo=1, routed)           0.000     1.834    SEVEN_SEGMENT_DISPLAY/DIGIT_SELECTOR/q[3]_i_1_n_0
    SLICE_X61Y22         FDRE                                         r  SEVEN_SEGMENT_DISPLAY/DIGIT_SELECTOR/q_reg[3]/D
  -------------------------------------------------------------------    -------------------

                         (clock sys_clk_pin rise edge)
                                                      0.000     0.000 r  
    W5                                                0.000     0.000 r  clk (IN)
                         net (fo=0)                   0.000     0.000    clk
    W5                   IBUF (Prop_ibuf_I_O)         0.414     0.414 r  clk_IBUF_inst/O
                         net (fo=1, routed)           0.685     1.099    clk_IBUF
    BUFGCTRL_X0Y0        BUFG (Prop_bufg_I_O)         0.029     1.128 r  clk_IBUF_BUFG_inst/O
                         net (fo=21, routed)          0.851     1.978    SEVEN_SEGMENT_DISPLAY/DIGIT_SELECTOR/clk_IBUF_BUFG
    SLICE_X61Y22         FDRE                                         r  SEVEN_SEGMENT_DISPLAY/DIGIT_SELECTOR/q_reg[3]/C
                         clock pessimism             -0.511     1.467    
    SLICE_X61Y22         FDRE (Hold_fdre_C_D)         0.091     1.558    SEVEN_SEGMENT_DISPLAY/DIGIT_SELECTOR/q_reg[3]
  -------------------------------------------------------------------
                         required time                         -1.558    
                         arrival time                           1.834    
  -------------------------------------------------------------------
                         slack                                  0.275    

Slack (MET) :             0.277ns  (arrival time - required time)
  Source:                 SEVEN_SEGMENT_DISPLAY/DIGIT_SELECTOR/count_reg[6]/C
                            (rising edge-triggered cell FDRE clocked by sys_clk_pin  {rise@0.000ns fall@5.000ns period=10.000ns})
  Destination:            SEVEN_SEGMENT_DISPLAY/DIGIT_SELECTOR/count_reg[6]/D
                            (rising edge-triggered cell FDRE clocked by sys_clk_pin  {rise@0.000ns fall@5.000ns period=10.000ns})
  Path Group:             sys_clk_pin
  Path Type:              Hold (Min at Fast Process Corner)
  Requirement:            0.000ns  (sys_clk_pin rise@0.000ns - sys_clk_pin rise@0.000ns)
  Data Path Delay:        0.411ns  (logic 0.274ns (66.734%)  route 0.137ns (33.266%))
  Logic Levels:           1  (CARRY4=1)
  Clock Path Skew:        0.000ns (DCD - SCD - CPR)
    Destination Clock Delay (DCD):    1.978ns
    Source Clock Delay      (SCD):    1.467ns
    Clock Pessimism Removal (CPR):    0.511ns

    Location             Delay type                Incr(ns)  Path(ns)    Netlist Resource(s)
  -------------------------------------------------------------------    -------------------
                         (clock sys_clk_pin rise edge)
                                                      0.000     0.000 r  
    W5                                                0.000     0.000 r  clk (IN)
                         net (fo=0)                   0.000     0.000    clk
    W5                   IBUF (Prop_ibuf_I_O)         0.226     0.226 r  clk_IBUF_inst/O
                         net (fo=1, routed)           0.631     0.858    clk_IBUF
    BUFGCTRL_X0Y0        BUFG (Prop_bufg_I_O)         0.026     0.884 r  clk_IBUF_BUFG_inst/O
                         net (fo=21, routed)          0.584     1.467    SEVEN_SEGMENT_DISPLAY/DIGIT_SELECTOR/clk_IBUF_BUFG
    SLICE_X60Y22         FDRE                                         r  SEVEN_SEGMENT_DISPLAY/DIGIT_SELECTOR/count_reg[6]/C
  -------------------------------------------------------------------    -------------------
    SLICE_X60Y22         FDRE (Prop_fdre_C_Q)         0.164     1.631 r  SEVEN_SEGMENT_DISPLAY/DIGIT_SELECTOR/count_reg[6]/Q
                         net (fo=3, routed)           0.137     1.768    SEVEN_SEGMENT_DISPLAY/DIGIT_SELECTOR/count_reg[6]
    SLICE_X60Y22         CARRY4 (Prop_carry4_S[2]_O[2])
                                                      0.110     1.878 r  SEVEN_SEGMENT_DISPLAY/DIGIT_SELECTOR/count_reg[4]_i_1/O[2]
                         net (fo=1, routed)           0.000     1.878    SEVEN_SEGMENT_DISPLAY/DIGIT_SELECTOR/count_reg[4]_i_1_n_5
    SLICE_X60Y22         FDRE                                         r  SEVEN_SEGMENT_DISPLAY/DIGIT_SELECTOR/count_reg[6]/D
  -------------------------------------------------------------------    -------------------

                         (clock sys_clk_pin rise edge)
                                                      0.000     0.000 r  
    W5                                                0.000     0.000 r  clk (IN)
                         net (fo=0)                   0.000     0.000    clk
    W5                   IBUF (Prop_ibuf_I_O)         0.414     0.414 r  clk_IBUF_inst/O
                         net (fo=1, routed)           0.685     1.099    clk_IBUF
    BUFGCTRL_X0Y0        BUFG (Prop_bufg_I_O)         0.029     1.128 r  clk_IBUF_BUFG_inst/O
                         net (fo=21, routed)          0.851     1.978    SEVEN_SEGMENT_DISPLAY/DIGIT_SELECTOR/clk_IBUF_BUFG
    SLICE_X60Y22         FDRE                                         r  SEVEN_SEGMENT_DISPLAY/DIGIT_SELECTOR/count_reg[6]/C
                         clock pessimism             -0.511     1.467    
    SLICE_X60Y22         FDRE (Hold_fdre_C_D)         0.134     1.601    SEVEN_SEGMENT_DISPLAY/DIGIT_SELECTOR/count_reg[6]
  -------------------------------------------------------------------
                         required time                         -1.601    
                         arrival time                           1.878    
  -------------------------------------------------------------------
                         slack                                  0.277    

Slack (MET) :             0.301ns  (arrival time - required time)
  Source:                 SEVEN_SEGMENT_DISPLAY/DIGIT_SELECTOR/count_reg[14]/C
                            (rising edge-triggered cell FDRE clocked by sys_clk_pin  {rise@0.000ns fall@5.000ns period=10.000ns})
  Destination:            SEVEN_SEGMENT_DISPLAY/DIGIT_SELECTOR/count_reg[15]/D
                            (rising edge-triggered cell FDRE clocked by sys_clk_pin  {rise@0.000ns fall@5.000ns period=10.000ns})
  Path Group:             sys_clk_pin
  Path Type:              Hold (Min at Fast Process Corner)
  Requirement:            0.000ns  (sys_clk_pin rise@0.000ns - sys_clk_pin rise@0.000ns)
  Data Path Delay:        0.435ns  (logic 0.310ns (71.185%)  route 0.125ns (28.815%))
  Logic Levels:           1  (CARRY4=1)
  Clock Path Skew:        0.000ns (DCD - SCD - CPR)
    Destination Clock Delay (DCD):    1.975ns
    Source Clock Delay      (SCD):    1.464ns
    Clock Pessimism Removal (CPR):    0.511ns

    Location             Delay type                Incr(ns)  Path(ns)    Netlist Resource(s)
  -------------------------------------------------------------------    -------------------
                         (clock sys_clk_pin rise edge)
                                                      0.000     0.000 r  
    W5                                                0.000     0.000 r  clk (IN)
                         net (fo=0)                   0.000     0.000    clk
    W5                   IBUF (Prop_ibuf_I_O)         0.226     0.226 r  clk_IBUF_inst/O
                         net (fo=1, routed)           0.631     0.858    clk_IBUF
    BUFGCTRL_X0Y0        BUFG (Prop_bufg_I_O)         0.026     0.884 r  clk_IBUF_BUFG_inst/O
                         net (fo=21, routed)          0.581     1.464    SEVEN_SEGMENT_DISPLAY/DIGIT_SELECTOR/clk_IBUF_BUFG
    SLICE_X60Y24         FDRE                                         r  SEVEN_SEGMENT_DISPLAY/DIGIT_SELECTOR/count_reg[14]/C
  -------------------------------------------------------------------    -------------------
    SLICE_X60Y24         FDRE (Prop_fdre_C_Q)         0.164     1.628 r  SEVEN_SEGMENT_DISPLAY/DIGIT_SELECTOR/count_reg[14]/Q
                         net (fo=2, routed)           0.125     1.754    SEVEN_SEGMENT_DISPLAY/DIGIT_SELECTOR/count_reg[14]
    SLICE_X60Y24         CARRY4 (Prop_carry4_S[2]_O[3])
                                                      0.146     1.900 r  SEVEN_SEGMENT_DISPLAY/DIGIT_SELECTOR/count_reg[12]_i_1/O[3]
                         net (fo=1, routed)           0.000     1.900    SEVEN_SEGMENT_DISPLAY/DIGIT_SELECTOR/count_reg[12]_i_1_n_4
    SLICE_X60Y24         FDRE                                         r  SEVEN_SEGMENT_DISPLAY/DIGIT_SELECTOR/count_reg[15]/D
  -------------------------------------------------------------------    -------------------

                         (clock sys_clk_pin rise edge)
                                                      0.000     0.000 r  
    W5                                                0.000     0.000 r  clk (IN)
                         net (fo=0)                   0.000     0.000    clk
    W5                   IBUF (Prop_ibuf_I_O)         0.414     0.414 r  clk_IBUF_inst/O
                         net (fo=1, routed)           0.685     1.099    clk_IBUF
    BUFGCTRL_X0Y0        BUFG (Prop_bufg_I_O)         0.029     1.128 r  clk_IBUF_BUFG_inst/O
                         net (fo=21, routed)          0.848     1.975    SEVEN_SEGMENT_DISPLAY/DIGIT_SELECTOR/clk_IBUF_BUFG
    SLICE_X60Y24         FDRE                                         r  SEVEN_SEGMENT_DISPLAY/DIGIT_SELECTOR/count_reg[15]/C
                         clock pessimism             -0.511     1.464    
    SLICE_X60Y24         FDRE (Hold_fdre_C_D)         0.134     1.598    SEVEN_SEGMENT_DISPLAY/DIGIT_SELECTOR/count_reg[15]
  -------------------------------------------------------------------
                         required time                         -1.598    
                         arrival time                           1.900    
  -------------------------------------------------------------------
                         slack                                  0.301    

Slack (MET) :             0.303ns  (arrival time - required time)
  Source:                 SEVEN_SEGMENT_DISPLAY/DIGIT_SELECTOR/count_reg[2]/C
                            (rising edge-triggered cell FDRE clocked by sys_clk_pin  {rise@0.000ns fall@5.000ns period=10.000ns})
  Destination:            SEVEN_SEGMENT_DISPLAY/DIGIT_SELECTOR/count_reg[3]/D
                            (rising edge-triggered cell FDRE clocked by sys_clk_pin  {rise@0.000ns fall@5.000ns period=10.000ns})
  Path Group:             sys_clk_pin
  Path Type:              Hold (Min at Fast Process Corner)
  Requirement:            0.000ns  (sys_clk_pin rise@0.000ns - sys_clk_pin rise@0.000ns)
  Data Path Delay:        0.437ns  (logic 0.310ns (71.017%)  route 0.127ns (28.983%))
  Logic Levels:           1  (CARRY4=1)
  Clock Path Skew:        0.000ns (DCD - SCD - CPR)
    Destination Clock Delay (DCD):    1.979ns
    Source Clock Delay      (SCD):    1.467ns
    Clock Pessimism Removal (CPR):    0.512ns

    Location             Delay type                Incr(ns)  Path(ns)    Netlist Resource(s)
  -------------------------------------------------------------------    -------------------
                         (clock sys_clk_pin rise edge)
                                                      0.000     0.000 r  
    W5                                                0.000     0.000 r  clk (IN)
                         net (fo=0)                   0.000     0.000    clk
    W5                   IBUF (Prop_ibuf_I_O)         0.226     0.226 r  clk_IBUF_inst/O
                         net (fo=1, routed)           0.631     0.858    clk_IBUF
    BUFGCTRL_X0Y0        BUFG (Prop_bufg_I_O)         0.026     0.884 r  clk_IBUF_BUFG_inst/O
                         net (fo=21, routed)          0.584     1.467    SEVEN_SEGMENT_DISPLAY/DIGIT_SELECTOR/clk_IBUF_BUFG
    SLICE_X60Y21         FDRE                                         r  SEVEN_SEGMENT_DISPLAY/DIGIT_SELECTOR/count_reg[2]/C
  -------------------------------------------------------------------    -------------------
    SLICE_X60Y21         FDRE (Prop_fdre_C_Q)         0.164     1.631 r  SEVEN_SEGMENT_DISPLAY/DIGIT_SELECTOR/count_reg[2]/Q
                         net (fo=3, routed)           0.127     1.758    SEVEN_SEGMENT_DISPLAY/DIGIT_SELECTOR/count_reg[2]
    SLICE_X60Y21         CARRY4 (Prop_carry4_S[2]_O[3])
                                                      0.146     1.904 r  SEVEN_SEGMENT_DISPLAY/DIGIT_SELECTOR/count_reg[0]_i_1/O[3]
                         net (fo=1, routed)           0.000     1.904    SEVEN_SEGMENT_DISPLAY/DIGIT_SELECTOR/count_reg[0]_i_1_n_4
    SLICE_X60Y21         FDRE                                         r  SEVEN_SEGMENT_DISPLAY/DIGIT_SELECTOR/count_reg[3]/D
  -------------------------------------------------------------------    -------------------

                         (clock sys_clk_pin rise edge)
                                                      0.000     0.000 r  
    W5                                                0.000     0.000 r  clk (IN)
                         net (fo=0)                   0.000     0.000    clk
    W5                   IBUF (Prop_ibuf_I_O)         0.414     0.414 r  clk_IBUF_inst/O
                         net (fo=1, routed)           0.685     1.099    clk_IBUF
    BUFGCTRL_X0Y0        BUFG (Prop_bufg_I_O)         0.029     1.128 r  clk_IBUF_BUFG_inst/O
                         net (fo=21, routed)          0.852     1.979    SEVEN_SEGMENT_DISPLAY/DIGIT_SELECTOR/clk_IBUF_BUFG
    SLICE_X60Y21         FDRE                                         r  SEVEN_SEGMENT_DISPLAY/DIGIT_SELECTOR/count_reg[3]/C
                         clock pessimism             -0.512     1.467    
    SLICE_X60Y21         FDRE (Hold_fdre_C_D)         0.134     1.601    SEVEN_SEGMENT_DISPLAY/DIGIT_SELECTOR/count_reg[3]
  -------------------------------------------------------------------
                         required time                         -1.601    
                         arrival time                           1.904    
  -------------------------------------------------------------------
                         slack                                  0.303    

Slack (MET) :             0.313ns  (arrival time - required time)
  Source:                 SEVEN_SEGMENT_DISPLAY/DIGIT_SELECTOR/count_reg[6]/C
                            (rising edge-triggered cell FDRE clocked by sys_clk_pin  {rise@0.000ns fall@5.000ns period=10.000ns})
  Destination:            SEVEN_SEGMENT_DISPLAY/DIGIT_SELECTOR/count_reg[7]/D
                            (rising edge-triggered cell FDRE clocked by sys_clk_pin  {rise@0.000ns fall@5.000ns period=10.000ns})
  Path Group:             sys_clk_pin
  Path Type:              Hold (Min at Fast Process Corner)
  Requirement:            0.000ns  (sys_clk_pin rise@0.000ns - sys_clk_pin rise@0.000ns)
  Data Path Delay:        0.447ns  (logic 0.310ns (69.415%)  route 0.137ns (30.585%))
  Logic Levels:           1  (CARRY4=1)
  Clock Path Skew:        0.000ns (DCD - SCD - CPR)
    Destination Clock Delay (DCD):    1.978ns
    Source Clock Delay      (SCD):    1.467ns
    Clock Pessimism Removal (CPR):    0.511ns

    Location             Delay type                Incr(ns)  Path(ns)    Netlist Resource(s)
  -------------------------------------------------------------------    -------------------
                         (clock sys_clk_pin rise edge)
                                                      0.000     0.000 r  
    W5                                                0.000     0.000 r  clk (IN)
                         net (fo=0)                   0.000     0.000    clk
    W5                   IBUF (Prop_ibuf_I_O)         0.226     0.226 r  clk_IBUF_inst/O
                         net (fo=1, routed)           0.631     0.858    clk_IBUF
    BUFGCTRL_X0Y0        BUFG (Prop_bufg_I_O)         0.026     0.884 r  clk_IBUF_BUFG_inst/O
                         net (fo=21, routed)          0.584     1.467    SEVEN_SEGMENT_DISPLAY/DIGIT_SELECTOR/clk_IBUF_BUFG
    SLICE_X60Y22         FDRE                                         r  SEVEN_SEGMENT_DISPLAY/DIGIT_SELECTOR/count_reg[6]/C
  -------------------------------------------------------------------    -------------------
    SLICE_X60Y22         FDRE (Prop_fdre_C_Q)         0.164     1.631 r  SEVEN_SEGMENT_DISPLAY/DIGIT_SELECTOR/count_reg[6]/Q
                         net (fo=3, routed)           0.137     1.768    SEVEN_SEGMENT_DISPLAY/DIGIT_SELECTOR/count_reg[6]
    SLICE_X60Y22         CARRY4 (Prop_carry4_S[2]_O[3])
                                                      0.146     1.914 r  SEVEN_SEGMENT_DISPLAY/DIGIT_SELECTOR/count_reg[4]_i_1/O[3]
                         net (fo=1, routed)           0.000     1.914    SEVEN_SEGMENT_DISPLAY/DIGIT_SELECTOR/count_reg[4]_i_1_n_4
    SLICE_X60Y22         FDRE                                         r  SEVEN_SEGMENT_DISPLAY/DIGIT_SELECTOR/count_reg[7]/D
  -------------------------------------------------------------------    -------------------

                         (clock sys_clk_pin rise edge)
                                                      0.000     0.000 r  
    W5                                                0.000     0.000 r  clk (IN)
                         net (fo=0)                   0.000     0.000    clk
    W5                   IBUF (Prop_ibuf_I_O)         0.414     0.414 r  clk_IBUF_inst/O
                         net (fo=1, routed)           0.685     1.099    clk_IBUF
    BUFGCTRL_X0Y0        BUFG (Prop_bufg_I_O)         0.029     1.128 r  clk_IBUF_BUFG_inst/O
                         net (fo=21, routed)          0.851     1.978    SEVEN_SEGMENT_DISPLAY/DIGIT_SELECTOR/clk_IBUF_BUFG
    SLICE_X60Y22         FDRE                                         r  SEVEN_SEGMENT_DISPLAY/DIGIT_SELECTOR/count_reg[7]/C
                         clock pessimism             -0.511     1.467    
    SLICE_X60Y22         FDRE (Hold_fdre_C_D)         0.134     1.601    SEVEN_SEGMENT_DISPLAY/DIGIT_SELECTOR/count_reg[7]
  -------------------------------------------------------------------
                         required time                         -1.601    
                         arrival time                           1.914    
  -------------------------------------------------------------------
                         slack                                  0.313    

Slack (MET) :             0.320ns  (arrival time - required time)
  Source:                 SEVEN_SEGMENT_DISPLAY/DIGIT_SELECTOR/count_reg[0]/C
                            (rising edge-triggered cell FDRE clocked by sys_clk_pin  {rise@0.000ns fall@5.000ns period=10.000ns})
  Destination:            SEVEN_SEGMENT_DISPLAY/DIGIT_SELECTOR/count_reg[0]/D
                            (rising edge-triggered cell FDRE clocked by sys_clk_pin  {rise@0.000ns fall@5.000ns period=10.000ns})
  Path Group:             sys_clk_pin
  Path Type:              Hold (Min at Fast Process Corner)
  Requirement:            0.000ns  (sys_clk_pin rise@0.000ns - sys_clk_pin rise@0.000ns)
  Data Path Delay:        0.454ns  (logic 0.279ns (61.421%)  route 0.175ns (38.579%))
  Logic Levels:           2  (CARRY4=1 LUT1=1)
  Clock Path Skew:        0.000ns (DCD - SCD - CPR)
    Destination Clock Delay (DCD):    1.979ns
    Source Clock Delay      (SCD):    1.467ns
    Clock Pessimism Removal (CPR):    0.512ns

    Location             Delay type                Incr(ns)  Path(ns)    Netlist Resource(s)
  -------------------------------------------------------------------    -------------------
                         (clock sys_clk_pin rise edge)
                                                      0.000     0.000 r  
    W5                                                0.000     0.000 r  clk (IN)
                         net (fo=0)                   0.000     0.000    clk
    W5                   IBUF (Prop_ibuf_I_O)         0.226     0.226 r  clk_IBUF_inst/O
                         net (fo=1, routed)           0.631     0.858    clk_IBUF
    BUFGCTRL_X0Y0        BUFG (Prop_bufg_I_O)         0.026     0.884 r  clk_IBUF_BUFG_inst/O
                         net (fo=21, routed)          0.584     1.467    SEVEN_SEGMENT_DISPLAY/DIGIT_SELECTOR/clk_IBUF_BUFG
    SLICE_X60Y21         FDRE                                         r  SEVEN_SEGMENT_DISPLAY/DIGIT_SELECTOR/count_reg[0]/C
  -------------------------------------------------------------------    -------------------
    SLICE_X60Y21         FDRE (Prop_fdre_C_Q)         0.164     1.631 f  SEVEN_SEGMENT_DISPLAY/DIGIT_SELECTOR/count_reg[0]/Q
                         net (fo=2, routed)           0.175     1.806    SEVEN_SEGMENT_DISPLAY/DIGIT_SELECTOR/count_reg[0]
    SLICE_X60Y21         LUT1 (Prop_lut1_I0_O)        0.045     1.851 r  SEVEN_SEGMENT_DISPLAY/DIGIT_SELECTOR/count[0]_i_2/O
                         net (fo=1, routed)           0.000     1.851    SEVEN_SEGMENT_DISPLAY/DIGIT_SELECTOR/count[0]_i_2_n_0
    SLICE_X60Y21         CARRY4 (Prop_carry4_S[0]_O[0])
                                                      0.070     1.921 r  SEVEN_SEGMENT_DISPLAY/DIGIT_SELECTOR/count_reg[0]_i_1/O[0]
                         net (fo=1, routed)           0.000     1.921    SEVEN_SEGMENT_DISPLAY/DIGIT_SELECTOR/count_reg[0]_i_1_n_7
    SLICE_X60Y21         FDRE                                         r  SEVEN_SEGMENT_DISPLAY/DIGIT_SELECTOR/count_reg[0]/D
  -------------------------------------------------------------------    -------------------

                         (clock sys_clk_pin rise edge)
                                                      0.000     0.000 r  
    W5                                                0.000     0.000 r  clk (IN)
                         net (fo=0)                   0.000     0.000    clk
    W5                   IBUF (Prop_ibuf_I_O)         0.414     0.414 r  clk_IBUF_inst/O
                         net (fo=1, routed)           0.685     1.099    clk_IBUF
    BUFGCTRL_X0Y0        BUFG (Prop_bufg_I_O)         0.029     1.128 r  clk_IBUF_BUFG_inst/O
                         net (fo=21, routed)          0.852     1.979    SEVEN_SEGMENT_DISPLAY/DIGIT_SELECTOR/clk_IBUF_BUFG
    SLICE_X60Y21         FDRE                                         r  SEVEN_SEGMENT_DISPLAY/DIGIT_SELECTOR/count_reg[0]/C
                         clock pessimism             -0.512     1.467    
    SLICE_X60Y21         FDRE (Hold_fdre_C_D)         0.134     1.601    SEVEN_SEGMENT_DISPLAY/DIGIT_SELECTOR/count_reg[0]
  -------------------------------------------------------------------
                         required time                         -1.601    
                         arrival time                           1.921    
  -------------------------------------------------------------------
                         slack                                  0.320    





Pulse Width Checks
--------------------------------------------------------------------------------------
Clock Name:         sys_clk_pin
Waveform(ns):       { 0.000 5.000 }
Period(ns):         10.000
Sources:            { clk }

Check Type        Corner  Lib Pin  Reference Pin  Required(ns)  Actual(ns)  Slack(ns)  Location       Pin
Min Period        n/a     BUFG/I   n/a            2.155         10.000      7.845      BUFGCTRL_X0Y0  clk_IBUF_BUFG_inst/I
Min Period        n/a     FDRE/C   n/a            1.000         10.000      9.000      SLICE_X60Y21   SEVEN_SEGMENT_DISPLAY/DIGIT_SELECTOR/count_reg[0]/C
Min Period        n/a     FDRE/C   n/a            1.000         10.000      9.000      SLICE_X60Y23   SEVEN_SEGMENT_DISPLAY/DIGIT_SELECTOR/count_reg[10]/C
Min Period        n/a     FDRE/C   n/a            1.000         10.000      9.000      SLICE_X60Y23   SEVEN_SEGMENT_DISPLAY/DIGIT_SELECTOR/count_reg[11]/C
Min Period        n/a     FDRE/C   n/a            1.000         10.000      9.000      SLICE_X60Y24   SEVEN_SEGMENT_DISPLAY/DIGIT_SELECTOR/count_reg[12]/C
Min Period        n/a     FDRE/C   n/a            1.000         10.000      9.000      SLICE_X60Y24   SEVEN_SEGMENT_DISPLAY/DIGIT_SELECTOR/count_reg[13]/C
Min Period        n/a     FDRE/C   n/a            1.000         10.000      9.000      SLICE_X60Y24   SEVEN_SEGMENT_DISPLAY/DIGIT_SELECTOR/count_reg[14]/C
Min Period        n/a     FDRE/C   n/a            1.000         10.000      9.000      SLICE_X60Y24   SEVEN_SEGMENT_DISPLAY/DIGIT_SELECTOR/count_reg[15]/C
Min Period        n/a     FDRE/C   n/a            1.000         10.000      9.000      SLICE_X60Y25   SEVEN_SEGMENT_DISPLAY/DIGIT_SELECTOR/count_reg[16]/C
Min Period        n/a     FDRE/C   n/a            1.000         10.000      9.000      SLICE_X60Y21   SEVEN_SEGMENT_DISPLAY/DIGIT_SELECTOR/count_reg[1]/C
Low Pulse Width   Slow    FDRE/C   n/a            0.500         5.000       4.500      SLICE_X60Y21   SEVEN_SEGMENT_DISPLAY/DIGIT_SELECTOR/count_reg[0]/C
Low Pulse Width   Fast    FDRE/C   n/a            0.500         5.000       4.500      SLICE_X60Y21   SEVEN_SEGMENT_DISPLAY/DIGIT_SELECTOR/count_reg[0]/C
Low Pulse Width   Slow    FDRE/C   n/a            0.500         5.000       4.500      SLICE_X60Y23   SEVEN_SEGMENT_DISPLAY/DIGIT_SELECTOR/count_reg[10]/C
Low Pulse Width   Fast    FDRE/C   n/a            0.500         5.000       4.500      SLICE_X60Y23   SEVEN_SEGMENT_DISPLAY/DIGIT_SELECTOR/count_reg[10]/C
Low Pulse Width   Slow    FDRE/C   n/a            0.500         5.000       4.500      SLICE_X60Y23   SEVEN_SEGMENT_DISPLAY/DIGIT_SELECTOR/count_reg[11]/C
Low Pulse Width   Fast    FDRE/C   n/a            0.500         5.000       4.500      SLICE_X60Y23   SEVEN_SEGMENT_DISPLAY/DIGIT_SELECTOR/count_reg[11]/C
Low Pulse Width   Slow    FDRE/C   n/a            0.500         5.000       4.500      SLICE_X60Y24   SEVEN_SEGMENT_DISPLAY/DIGIT_SELECTOR/count_reg[12]/C
Low Pulse Width   Fast    FDRE/C   n/a            0.500         5.000       4.500      SLICE_X60Y24   SEVEN_SEGMENT_DISPLAY/DIGIT_SELECTOR/count_reg[12]/C
Low Pulse Width   Slow    FDRE/C   n/a            0.500         5.000       4.500      SLICE_X60Y24   SEVEN_SEGMENT_DISPLAY/DIGIT_SELECTOR/count_reg[13]/C
Low Pulse Width   Fast    FDRE/C   n/a            0.500         5.000       4.500      SLICE_X60Y24   SEVEN_SEGMENT_DISPLAY/DIGIT_SELECTOR/count_reg[13]/C
High Pulse Width  Slow    FDRE/C   n/a            0.500         5.000       4.500      SLICE_X60Y21   SEVEN_SEGMENT_DISPLAY/DIGIT_SELECTOR/count_reg[0]/C
High Pulse Width  Fast    FDRE/C   n/a            0.500         5.000       4.500      SLICE_X60Y21   SEVEN_SEGMENT_DISPLAY/DIGIT_SELECTOR/count_reg[0]/C
High Pulse Width  Slow    FDRE/C   n/a            0.500         5.000       4.500      SLICE_X60Y23   SEVEN_SEGMENT_DISPLAY/DIGIT_SELECTOR/count_reg[10]/C
High Pulse Width  Fast    FDRE/C   n/a            0.500         5.000       4.500      SLICE_X60Y23   SEVEN_SEGMENT_DISPLAY/DIGIT_SELECTOR/count_reg[10]/C
High Pulse Width  Slow    FDRE/C   n/a            0.500         5.000       4.500      SLICE_X60Y23   SEVEN_SEGMENT_DISPLAY/DIGIT_SELECTOR/count_reg[11]/C
High Pulse Width  Fast    FDRE/C   n/a            0.500         5.000       4.500      SLICE_X60Y23   SEVEN_SEGMENT_DISPLAY/DIGIT_SELECTOR/count_reg[11]/C
High Pulse Width  Slow    FDRE/C   n/a            0.500         5.000       4.500      SLICE_X60Y24   SEVEN_SEGMENT_DISPLAY/DIGIT_SELECTOR/count_reg[12]/C
High Pulse Width  Fast    FDRE/C   n/a            0.500         5.000       4.500      SLICE_X60Y24   SEVEN_SEGMENT_DISPLAY/DIGIT_SELECTOR/count_reg[12]/C
High Pulse Width  Slow    FDRE/C   n/a            0.500         5.000       4.500      SLICE_X60Y24   SEVEN_SEGMENT_DISPLAY/DIGIT_SELECTOR/count_reg[13]/C
High Pulse Width  Fast    FDRE/C   n/a            0.500         5.000       4.500      SLICE_X60Y24   SEVEN_SEGMENT_DISPLAY/DIGIT_SELECTOR/count_reg[13]/C



--------------------------------------------------------------------------------------
Path Group:  (none)
From Clock:  
  To Clock:  

Max Delay            22 Endpoints
Min Delay            22 Endpoints
--------------------------------------------------------------------------------------


Max Delay Paths
--------------------------------------------------------------------------------------
Slack:                    inf
  Source:                 switches_inputs[6]
                            (input port)
  Destination:            CD
                            (output port)
  Path Group:             (none)
  Path Type:              Max at Slow Process Corner
  Data Path Delay:        12.246ns  (logic 5.819ns (47.521%)  route 6.427ns (52.479%))
  Logic Levels:           5  (IBUF=1 LUT4=1 LUT5=2 OBUF=1)

    Location             Delay type                Incr(ns)  Path(ns)    Netlist Resource(s)
  -------------------------------------------------------------------    -------------------
    W14                                               0.000     0.000 f  switches_inputs[6] (IN)
                         net (fo=0)                   0.000     0.000    switches_inputs[6]
    W14                  IBUF (Prop_ibuf_I_O)         1.450     1.450 f  switches_inputs_IBUF[6]_inst/O
                         net (fo=2, routed)           3.236     4.686    SEVEN_SEGMENT_DISPLAY/DIGIT_SELECTOR/led_OBUF[6]
    SLICE_X64Y21         LUT4 (Prop_lut4_I0_O)        0.124     4.810 f  SEVEN_SEGMENT_DISPLAY/DIGIT_SELECTOR/CA_OBUF_inst_i_7/O
                         net (fo=3, routed)           0.823     5.633    SEVEN_SEGMENT_DISPLAY/DIGIT_SELECTOR/CA_OBUF_inst_i_7_n_0
    SLICE_X64Y21         LUT5 (Prop_lut5_I4_O)        0.146     5.779 r  SEVEN_SEGMENT_DISPLAY/DIGIT_SELECTOR/CC_OBUF_inst_i_2/O
                         net (fo=3, routed)           0.705     6.484    SEVEN_SEGMENT_DISPLAY/DIGIT_SELECTOR/CC_OBUF_inst_i_2_n_0
    SLICE_X65Y21         LUT5 (Prop_lut5_I3_O)        0.356     6.840 r  SEVEN_SEGMENT_DISPLAY/DIGIT_SELECTOR/CD_OBUF_inst_i_1/O
                         net (fo=1, routed)           1.663     8.502    CD_OBUF
    V8                   OBUF (Prop_obuf_I_O)         3.744    12.246 r  CD_OBUF_inst/O
                         net (fo=0)                   0.000    12.246    CD
    V8                                                                r  CD (OUT)
  -------------------------------------------------------------------    -------------------

Slack:                    inf
  Source:                 switches_inputs[6]
                            (input port)
  Destination:            CF
                            (output port)
  Path Group:             (none)
  Path Type:              Max at Slow Process Corner
  Data Path Delay:        12.182ns  (logic 5.552ns (45.576%)  route 6.630ns (54.424%))
  Logic Levels:           5  (IBUF=1 LUT4=1 LUT5=2 OBUF=1)

    Location             Delay type                Incr(ns)  Path(ns)    Netlist Resource(s)
  -------------------------------------------------------------------    -------------------
    W14                                               0.000     0.000 f  switches_inputs[6] (IN)
                         net (fo=0)                   0.000     0.000    switches_inputs[6]
    W14                  IBUF (Prop_ibuf_I_O)         1.450     1.450 f  switches_inputs_IBUF[6]_inst/O
                         net (fo=2, routed)           3.236     4.686    SEVEN_SEGMENT_DISPLAY/DIGIT_SELECTOR/led_OBUF[6]
    SLICE_X64Y21         LUT4 (Prop_lut4_I0_O)        0.124     4.810 f  SEVEN_SEGMENT_DISPLAY/DIGIT_SELECTOR/CA_OBUF_inst_i_7/O
                         net (fo=3, routed)           0.823     5.633    SEVEN_SEGMENT_DISPLAY/DIGIT_SELECTOR/CA_OBUF_inst_i_7_n_0
    SLICE_X64Y21         LUT5 (Prop_lut5_I4_O)        0.146     5.779 r  SEVEN_SEGMENT_DISPLAY/DIGIT_SELECTOR/CC_OBUF_inst_i_2/O
                         net (fo=3, routed)           0.705     6.484    SEVEN_SEGMENT_DISPLAY/DIGIT_SELECTOR/CC_OBUF_inst_i_2_n_0
    SLICE_X65Y21         LUT5 (Prop_lut5_I1_O)        0.328     6.812 r  SEVEN_SEGMENT_DISPLAY/DIGIT_SELECTOR/CF_OBUF_inst_i_1/O
                         net (fo=1, routed)           1.866     8.678    CF_OBUF
    V5                   OBUF (Prop_obuf_I_O)         3.504    12.182 r  CF_OBUF_inst/O
                         net (fo=0)                   0.000    12.182    CF
    V5                                                                r  CF (OUT)
  -------------------------------------------------------------------    -------------------

Slack:                    inf
  Source:                 switches_inputs[6]
                            (input port)
  Destination:            CA
                            (output port)
  Path Group:             (none)
  Path Type:              Max at Slow Process Corner
  Data Path Delay:        12.094ns  (logic 5.562ns (45.994%)  route 6.531ns (54.006%))
  Logic Levels:           5  (IBUF=1 LUT4=2 LUT6=1 OBUF=1)

    Location             Delay type                Incr(ns)  Path(ns)    Netlist Resource(s)
  -------------------------------------------------------------------    -------------------
    W14                                               0.000     0.000 f  switches_inputs[6] (IN)
                         net (fo=0)                   0.000     0.000    switches_inputs[6]
    W14                  IBUF (Prop_ibuf_I_O)         1.450     1.450 f  switches_inputs_IBUF[6]_inst/O
                         net (fo=2, routed)           3.236     4.686    SEVEN_SEGMENT_DISPLAY/DIGIT_SELECTOR/led_OBUF[6]
    SLICE_X64Y21         LUT4 (Prop_lut4_I0_O)        0.124     4.810 f  SEVEN_SEGMENT_DISPLAY/DIGIT_SELECTOR/CA_OBUF_inst_i_7/O
                         net (fo=3, routed)           0.815     5.625    SEVEN_SEGMENT_DISPLAY/DIGIT_SELECTOR/CA_OBUF_inst_i_7_n_0
    SLICE_X64Y21         LUT6 (Prop_lut6_I0_O)        0.124     5.749 r  SEVEN_SEGMENT_DISPLAY/DIGIT_SELECTOR/CA_OBUF_inst_i_3/O
                         net (fo=1, routed)           0.656     6.405    SEVEN_SEGMENT_DISPLAY/DIGIT_SELECTOR/CA_OBUF_inst_i_3_n_0
    SLICE_X65Y21         LUT4 (Prop_lut4_I1_O)        0.152     6.557 r  SEVEN_SEGMENT_DISPLAY/DIGIT_SELECTOR/CA_OBUF_inst_i_1/O
                         net (fo=1, routed)           1.824     8.381    CA_OBUF
    W7                   OBUF (Prop_obuf_I_O)         3.713    12.094 r  CA_OBUF_inst/O
                         net (fo=0)                   0.000    12.094    CA
    W7                                                                r  CA (OUT)
  -------------------------------------------------------------------    -------------------

Slack:                    inf
  Source:                 switches_inputs[6]
                            (input port)
  Destination:            CC
                            (output port)
  Path Group:             (none)
  Path Type:              Max at Slow Process Corner
  Data Path Delay:        11.980ns  (logic 5.583ns (46.603%)  route 6.397ns (53.397%))
  Logic Levels:           5  (IBUF=1 LUT4=1 LUT5=2 OBUF=1)

    Location             Delay type                Incr(ns)  Path(ns)    Netlist Resource(s)
  -------------------------------------------------------------------    -------------------
    W14                                               0.000     0.000 f  switches_inputs[6] (IN)
                         net (fo=0)                   0.000     0.000    switches_inputs[6]
    W14                  IBUF (Prop_ibuf_I_O)         1.450     1.450 f  switches_inputs_IBUF[6]_inst/O
                         net (fo=2, routed)           3.236     4.686    SEVEN_SEGMENT_DISPLAY/DIGIT_SELECTOR/led_OBUF[6]
    SLICE_X64Y21         LUT4 (Prop_lut4_I0_O)        0.124     4.810 f  SEVEN_SEGMENT_DISPLAY/DIGIT_SELECTOR/CA_OBUF_inst_i_7/O
                         net (fo=3, routed)           0.823     5.633    SEVEN_SEGMENT_DISPLAY/DIGIT_SELECTOR/CA_OBUF_inst_i_7_n_0
    SLICE_X64Y21         LUT5 (Prop_lut5_I4_O)        0.146     5.779 r  SEVEN_SEGMENT_DISPLAY/DIGIT_SELECTOR/CC_OBUF_inst_i_2/O
                         net (fo=3, routed)           0.675     6.454    SEVEN_SEGMENT_DISPLAY/DIGIT_SELECTOR/CC_OBUF_inst_i_2_n_0
    SLICE_X65Y21         LUT5 (Prop_lut5_I2_O)        0.328     6.782 r  SEVEN_SEGMENT_DISPLAY/DIGIT_SELECTOR/CC_OBUF_inst_i_1/O
                         net (fo=1, routed)           1.663     8.445    CC_OBUF
    U8                   OBUF (Prop_obuf_I_O)         3.535    11.980 r  CC_OBUF_inst/O
                         net (fo=0)                   0.000    11.980    CC
    U8                                                                r  CC (OUT)
  -------------------------------------------------------------------    -------------------

Slack:                    inf
  Source:                 switches_inputs[4]
                            (input port)
  Destination:            CB
                            (output port)
  Path Group:             (none)
  Path Type:              Max at Slow Process Corner
  Data Path Delay:        11.429ns  (logic 5.456ns (47.738%)  route 5.973ns (52.262%))
  Logic Levels:           4  (IBUF=1 LUT5=2 OBUF=1)

    Location             Delay type                Incr(ns)  Path(ns)    Netlist Resource(s)
  -------------------------------------------------------------------    -------------------
    W15                                               0.000     0.000 f  switches_inputs[4] (IN)
                         net (fo=0)                   0.000     0.000    switches_inputs[4]
    W15                  IBUF (Prop_ibuf_I_O)         1.451     1.451 f  switches_inputs_IBUF[4]_inst/O
                         net (fo=3, routed)           3.533     4.984    SEVEN_SEGMENT_DISPLAY/DIGIT_SELECTOR/led_OBUF[4]
    SLICE_X63Y21         LUT5 (Prop_lut5_I3_O)        0.150     5.134 r  SEVEN_SEGMENT_DISPLAY/DIGIT_SELECTOR/CB_OBUF_inst_i_3/O
                         net (fo=1, routed)           0.636     5.770    SEVEN_SEGMENT_DISPLAY/DIGIT_SELECTOR/CB_OBUF_inst_i_3_n_0
    SLICE_X65Y21         LUT5 (Prop_lut5_I3_O)        0.326     6.096 r  SEVEN_SEGMENT_DISPLAY/DIGIT_SELECTOR/CB_OBUF_inst_i_1/O
                         net (fo=1, routed)           1.804     7.900    CB_OBUF
    W6                   OBUF (Prop_obuf_I_O)         3.529    11.429 r  CB_OBUF_inst/O
                         net (fo=0)                   0.000    11.429    CB
    W6                                                                r  CB (OUT)
  -------------------------------------------------------------------    -------------------

Slack:                    inf
  Source:                 switches_inputs[4]
                            (input port)
  Destination:            CE
                            (output port)
  Path Group:             (none)
  Path Type:              Max at Slow Process Corner
  Data Path Delay:        11.422ns  (logic 5.219ns (45.690%)  route 6.203ns (54.310%))
  Logic Levels:           4  (IBUF=1 LUT4=1 LUT6=1 OBUF=1)

    Location             Delay type                Incr(ns)  Path(ns)    Netlist Resource(s)
  -------------------------------------------------------------------    -------------------
    W15                                               0.000     0.000 r  switches_inputs[4] (IN)
                         net (fo=0)                   0.000     0.000    switches_inputs[4]
    W15                  IBUF (Prop_ibuf_I_O)         1.451     1.451 r  switches_inputs_IBUF[4]_inst/O
                         net (fo=3, routed)           3.785     5.236    SEVEN_SEGMENT_DISPLAY/DIGIT_SELECTOR/led_OBUF[4]
    SLICE_X63Y21         LUT6 (Prop_lut6_I2_O)        0.124     5.360 r  SEVEN_SEGMENT_DISPLAY/DIGIT_SELECTOR/CA_OBUF_inst_i_5/O
                         net (fo=5, routed)           0.606     5.966    SEVEN_SEGMENT_DISPLAY/DIGIT_SELECTOR/CA_OBUF_inst_i_5_n_0
    SLICE_X65Y21         LUT4 (Prop_lut4_I1_O)        0.124     6.090 r  SEVEN_SEGMENT_DISPLAY/DIGIT_SELECTOR/CE_OBUF_inst_i_1/O
                         net (fo=1, routed)           1.812     7.902    CE_OBUF
    U5                   OBUF (Prop_obuf_I_O)         3.520    11.422 r  CE_OBUF_inst/O
                         net (fo=0)                   0.000    11.422    CE
    U5                                                                r  CE (OUT)
  -------------------------------------------------------------------    -------------------

Slack:                    inf
  Source:                 switches_inputs[8]
                            (input port)
  Destination:            led[8]
                            (output port)
  Path Group:             (none)
  Path Type:              Max at Slow Process Corner
  Data Path Delay:        10.155ns  (logic 4.959ns (48.830%)  route 5.196ns (51.170%))
  Logic Levels:           2  (IBUF=1 OBUF=1)

    Location             Delay type                Incr(ns)  Path(ns)    Netlist Resource(s)
  -------------------------------------------------------------------    -------------------
    V2                                                0.000     0.000 r  switches_inputs[8] (IN)
                         net (fo=0)                   0.000     0.000    switches_inputs[8]
    V2                   IBUF (Prop_ibuf_I_O)         1.454     1.454 r  switches_inputs_IBUF[8]_inst/O
                         net (fo=2, routed)           5.196     6.651    led_OBUF[8]
    V13                  OBUF (Prop_obuf_I_O)         3.504    10.155 r  led_OBUF[8]_inst/O
                         net (fo=0)                   0.000    10.155    led[8]
    V13                                                               r  led[8] (OUT)
  -------------------------------------------------------------------    -------------------

Slack:                    inf
  Source:                 switches_inputs[12]
                            (input port)
  Destination:            led[12]
                            (output port)
  Path Group:             (none)
  Path Type:              Max at Slow Process Corner
  Data Path Delay:        8.095ns  (logic 4.987ns (61.602%)  route 3.108ns (38.398%))
  Logic Levels:           2  (IBUF=1 OBUF=1)

    Location             Delay type                Incr(ns)  Path(ns)    Netlist Resource(s)
  -------------------------------------------------------------------    -------------------
    W2                                                0.000     0.000 r  switches_inputs[12] (IN)
                         net (fo=0)                   0.000     0.000    switches_inputs[12]
    W2                   IBUF (Prop_ibuf_I_O)         1.469     1.469 r  switches_inputs_IBUF[12]_inst/O
                         net (fo=2, routed)           3.108     4.577    led_OBUF[12]
    P3                   OBUF (Prop_obuf_I_O)         3.518     8.095 r  led_OBUF[12]_inst/O
                         net (fo=0)                   0.000     8.095    led[12]
    P3                                                                r  led[12] (OUT)
  -------------------------------------------------------------------    -------------------

Slack:                    inf
  Source:                 switches_inputs[15]
                            (input port)
  Destination:            led[15]
                            (output port)
  Path Group:             (none)
  Path Type:              Max at Slow Process Corner
  Data Path Delay:        8.042ns  (logic 4.978ns (61.893%)  route 3.065ns (38.107%))
  Logic Levels:           2  (IBUF=1 OBUF=1)

    Location             Delay type                Incr(ns)  Path(ns)    Netlist Resource(s)
  -------------------------------------------------------------------    -------------------
    R2                                                0.000     0.000 r  switches_inputs[15] (IN)
                         net (fo=0)                   0.000     0.000    switches_inputs[15]
    R2                   IBUF (Prop_ibuf_I_O)         1.456     1.456 r  switches_inputs_IBUF[15]_inst/O
                         net (fo=2, routed)           3.065     4.521    led_OBUF[15]
    L1                   OBUF (Prop_obuf_I_O)         3.521     8.042 r  led_OBUF[15]_inst/O
                         net (fo=0)                   0.000     8.042    led[15]
    L1                                                                r  led[15] (OUT)
  -------------------------------------------------------------------    -------------------

Slack:                    inf
  Source:                 switches_inputs[1]
                            (input port)
  Destination:            led[1]
                            (output port)
  Path Group:             (none)
  Path Type:              Max at Slow Process Corner
  Data Path Delay:        7.946ns  (logic 4.991ns (62.813%)  route 2.955ns (37.187%))
  Logic Levels:           2  (IBUF=1 OBUF=1)

    Location             Delay type                Incr(ns)  Path(ns)    Netlist Resource(s)
  -------------------------------------------------------------------    -------------------
    V16                                               0.000     0.000 r  switches_inputs[1] (IN)
                         net (fo=0)                   0.000     0.000    switches_inputs[1]
    V16                  IBUF (Prop_ibuf_I_O)         1.461     1.461 r  switches_inputs_IBUF[1]_inst/O
                         net (fo=2, routed)           2.955     4.416    led_OBUF[1]
    E19                  OBUF (Prop_obuf_I_O)         3.530     7.946 r  led_OBUF[1]_inst/O
                         net (fo=0)                   0.000     7.946    led[1]
    E19                                                               r  led[1] (OUT)
  -------------------------------------------------------------------    -------------------





Min Delay Paths
--------------------------------------------------------------------------------------
Slack:                    inf
  Source:                 switches_inputs[6]
                            (input port)
  Destination:            led[6]
                            (output port)
  Path Group:             (none)
  Path Type:              Min at Fast Process Corner
  Data Path Delay:        1.888ns  (logic 1.425ns (75.486%)  route 0.463ns (24.514%))
  Logic Levels:           2  (IBUF=1 OBUF=1)

    Location             Delay type                Incr(ns)  Path(ns)    Netlist Resource(s)
  -------------------------------------------------------------------    -------------------
    W14                                               0.000     0.000 r  switches_inputs[6] (IN)
                         net (fo=0)                   0.000     0.000    switches_inputs[6]
    W14                  IBUF (Prop_ibuf_I_O)         0.218     0.218 r  switches_inputs_IBUF[6]_inst/O
                         net (fo=2, routed)           0.463     0.681    led_OBUF[6]
    U14                  OBUF (Prop_obuf_I_O)         1.207     1.888 r  led_OBUF[6]_inst/O
                         net (fo=0)                   0.000     1.888    led[6]
    U14                                                               r  led[6] (OUT)
  -------------------------------------------------------------------    -------------------

Slack:                    inf
  Source:                 switches_inputs[9]
                            (input port)
  Destination:            led[9]
                            (output port)
  Path Group:             (none)
  Path Type:              Min at Fast Process Corner
  Data Path Delay:        1.888ns  (logic 1.430ns (75.709%)  route 0.459ns (24.291%))
  Logic Levels:           2  (IBUF=1 OBUF=1)

    Location             Delay type                Incr(ns)  Path(ns)    Netlist Resource(s)
  -------------------------------------------------------------------    -------------------
    T3                                                0.000     0.000 r  switches_inputs[9] (IN)
                         net (fo=0)                   0.000     0.000    switches_inputs[9]
    T3                   IBUF (Prop_ibuf_I_O)         0.220     0.220 r  switches_inputs_IBUF[9]_inst/O
                         net (fo=2, routed)           0.459     0.679    led_OBUF[9]
    V3                   OBUF (Prop_obuf_I_O)         1.209     1.888 r  led_OBUF[9]_inst/O
                         net (fo=0)                   0.000     1.888    led[9]
    V3                                                                r  led[9] (OUT)
  -------------------------------------------------------------------    -------------------

Slack:                    inf
  Source:                 switches_inputs[5]
                            (input port)
  Destination:            led[5]
                            (output port)
  Path Group:             (none)
  Path Type:              Min at Fast Process Corner
  Data Path Delay:        1.889ns  (logic 1.450ns (76.719%)  route 0.440ns (23.281%))
  Logic Levels:           2  (IBUF=1 OBUF=1)

    Location             Delay type                Incr(ns)  Path(ns)    Netlist Resource(s)
  -------------------------------------------------------------------    -------------------
    V15                                               0.000     0.000 r  switches_inputs[5] (IN)
                         net (fo=0)                   0.000     0.000    switches_inputs[5]
    V15                  IBUF (Prop_ibuf_I_O)         0.234     0.234 r  switches_inputs_IBUF[5]_inst/O
                         net (fo=2, routed)           0.440     0.674    led_OBUF[5]
    U15                  OBUF (Prop_obuf_I_O)         1.216     1.889 r  led_OBUF[5]_inst/O
                         net (fo=0)                   0.000     1.889    led[5]
    U15                                                               r  led[5] (OUT)
  -------------------------------------------------------------------    -------------------

Slack:                    inf
  Source:                 switches_inputs[7]
                            (input port)
  Destination:            led[7]
                            (output port)
  Path Group:             (none)
  Path Type:              Min at Fast Process Corner
  Data Path Delay:        1.891ns  (logic 1.429ns (75.542%)  route 0.463ns (24.458%))
  Logic Levels:           2  (IBUF=1 OBUF=1)

    Location             Delay type                Incr(ns)  Path(ns)    Netlist Resource(s)
  -------------------------------------------------------------------    -------------------
    W13                                               0.000     0.000 r  switches_inputs[7] (IN)
                         net (fo=0)                   0.000     0.000    switches_inputs[7]
    W13                  IBUF (Prop_ibuf_I_O)         0.227     0.227 r  switches_inputs_IBUF[7]_inst/O
                         net (fo=2, routed)           0.463     0.690    led_OBUF[7]
    V14                  OBUF (Prop_obuf_I_O)         1.202     1.891 r  led_OBUF[7]_inst/O
                         net (fo=0)                   0.000     1.891    led[7]
    V14                                                               r  led[7] (OUT)
  -------------------------------------------------------------------    -------------------

Slack:                    inf
  Source:                 switches_inputs[0]
                            (input port)
  Destination:            led[0]
                            (output port)
  Path Group:             (none)
  Path Type:              Min at Fast Process Corner
  Data Path Delay:        1.893ns  (logic 1.427ns (75.379%)  route 0.466ns (24.621%))
  Logic Levels:           2  (IBUF=1 OBUF=1)

    Location             Delay type                Incr(ns)  Path(ns)    Netlist Resource(s)
  -------------------------------------------------------------------    -------------------
    V17                                               0.000     0.000 r  switches_inputs[0] (IN)
                         net (fo=0)                   0.000     0.000    switches_inputs[0]
    V17                  IBUF (Prop_ibuf_I_O)         0.221     0.221 r  switches_inputs_IBUF[0]_inst/O
                         net (fo=3, routed)           0.466     0.687    led_OBUF[0]
    U16                  OBUF (Prop_obuf_I_O)         1.206     1.893 r  led_OBUF[0]_inst/O
                         net (fo=0)                   0.000     1.893    led[0]
    U16                                                               r  led[0] (OUT)
  -------------------------------------------------------------------    -------------------

Slack:                    inf
  Source:                 switches_inputs[3]
                            (input port)
  Destination:            led[3]
                            (output port)
  Path Group:             (none)
  Path Type:              Min at Fast Process Corner
  Data Path Delay:        1.913ns  (logic 1.427ns (74.601%)  route 0.486ns (25.399%))
  Logic Levels:           2  (IBUF=1 OBUF=1)

    Location             Delay type                Incr(ns)  Path(ns)    Netlist Resource(s)
  -------------------------------------------------------------------    -------------------
    W17                                               0.000     0.000 r  switches_inputs[3] (IN)
                         net (fo=0)                   0.000     0.000    switches_inputs[3]
    W17                  IBUF (Prop_ibuf_I_O)         0.217     0.217 r  switches_inputs_IBUF[3]_inst/O
                         net (fo=2, routed)           0.486     0.702    led_OBUF[3]
    V19                  OBUF (Prop_obuf_I_O)         1.210     1.913 r  led_OBUF[3]_inst/O
                         net (fo=0)                   0.000     1.913    led[3]
    V19                                                               r  led[3] (OUT)
  -------------------------------------------------------------------    -------------------

Slack:                    inf
  Source:                 switches_inputs[2]
                            (input port)
  Destination:            led[2]
                            (output port)
  Path Group:             (none)
  Path Type:              Min at Fast Process Corner
  Data Path Delay:        1.920ns  (logic 1.434ns (74.696%)  route 0.486ns (25.304%))
  Logic Levels:           2  (IBUF=1 OBUF=1)

    Location             Delay type                Incr(ns)  Path(ns)    Netlist Resource(s)
  -------------------------------------------------------------------    -------------------
    W16                                               0.000     0.000 r  switches_inputs[2] (IN)
                         net (fo=0)                   0.000     0.000    switches_inputs[2]
    W16                  IBUF (Prop_ibuf_I_O)         0.232     0.232 r  switches_inputs_IBUF[2]_inst/O
                         net (fo=4, routed)           0.486     0.718    led_OBUF[2]
    U19                  OBUF (Prop_obuf_I_O)         1.202     1.920 r  led_OBUF[2]_inst/O
                         net (fo=0)                   0.000     1.920    led[2]
    U19                                                               r  led[2] (OUT)
  -------------------------------------------------------------------    -------------------

Slack:                    inf
  Source:                 switches_inputs[4]
                            (input port)
  Destination:            led[4]
                            (output port)
  Path Group:             (none)
  Path Type:              Min at Fast Process Corner
  Data Path Delay:        1.922ns  (logic 1.429ns (74.313%)  route 0.494ns (25.687%))
  Logic Levels:           2  (IBUF=1 OBUF=1)

    Location             Delay type                Incr(ns)  Path(ns)    Netlist Resource(s)
  -------------------------------------------------------------------    -------------------
    W15                                               0.000     0.000 r  switches_inputs[4] (IN)
                         net (fo=0)                   0.000     0.000    switches_inputs[4]
    W15                  IBUF (Prop_ibuf_I_O)         0.219     0.219 r  switches_inputs_IBUF[4]_inst/O
                         net (fo=3, routed)           0.494     0.713    led_OBUF[4]
    W18                  OBUF (Prop_obuf_I_O)         1.210     1.922 r  led_OBUF[4]_inst/O
                         net (fo=0)                   0.000     1.922    led[4]
    W18                                                               r  led[4] (OUT)
  -------------------------------------------------------------------    -------------------

Slack:                    inf
  Source:                 switches_inputs[10]
                            (input port)
  Destination:            led[10]
                            (output port)
  Path Group:             (none)
  Path Type:              Min at Fast Process Corner
  Data Path Delay:        1.944ns  (logic 1.452ns (74.706%)  route 0.492ns (25.294%))
  Logic Levels:           2  (IBUF=1 OBUF=1)

    Location             Delay type                Incr(ns)  Path(ns)    Netlist Resource(s)
  -------------------------------------------------------------------    -------------------
    T2                                                0.000     0.000 r  switches_inputs[10] (IN)
                         net (fo=0)                   0.000     0.000    switches_inputs[10]
    T2                   IBUF (Prop_ibuf_I_O)         0.226     0.226 r  switches_inputs_IBUF[10]_inst/O
                         net (fo=4, routed)           0.492     0.718    led_OBUF[10]
    W3                   OBUF (Prop_obuf_I_O)         1.226     1.944 r  led_OBUF[10]_inst/O
                         net (fo=0)                   0.000     1.944    led[10]
    W3                                                                r  led[10] (OUT)
  -------------------------------------------------------------------    -------------------

Slack:                    inf
  Source:                 switches_inputs[14]
                            (input port)
  Destination:            led[14]
                            (output port)
  Path Group:             (none)
  Path Type:              Min at Fast Process Corner
  Data Path Delay:        2.018ns  (logic 1.440ns (71.343%)  route 0.578ns (28.657%))
  Logic Levels:           2  (IBUF=1 OBUF=1)

    Location             Delay type                Incr(ns)  Path(ns)    Netlist Resource(s)
  -------------------------------------------------------------------    -------------------
    T1                                                0.000     0.000 r  switches_inputs[14] (IN)
                         net (fo=0)                   0.000     0.000    switches_inputs[14]
    T1                   IBUF (Prop_ibuf_I_O)         0.223     0.223 r  switches_inputs_IBUF[14]_inst/O
                         net (fo=2, routed)           0.578     0.802    led_OBUF[14]
    P1                   OBUF (Prop_obuf_I_O)         1.216     2.018 r  led_OBUF[14]_inst/O
                         net (fo=0)                   0.000     2.018    led[14]
    P1                                                                r  led[14] (OUT)
  -------------------------------------------------------------------    -------------------





--------------------------------------------------------------------------------------
Path Group:  (none)
From Clock:  sys_clk_pin
  To Clock:  

Max Delay            10 Endpoints
Min Delay            10 Endpoints
--------------------------------------------------------------------------------------


Max Delay Paths
--------------------------------------------------------------------------------------
Slack:                    inf
  Source:                 SEVEN_SEGMENT_DISPLAY/DIGIT_SELECTOR/q_reg[2]/C
                            (rising edge-triggered cell FDSE clocked by sys_clk_pin  {rise@0.000ns fall@5.000ns period=10.000ns})
  Destination:            CA
                            (output port)
  Path Group:             (none)
  Path Type:              Max at Slow Process Corner
  Data Path Delay:        9.480ns  (logic 4.569ns (48.194%)  route 4.911ns (51.806%))
  Logic Levels:           4  (LUT4=2 LUT6=1 OBUF=1)
  Clock Uncertainty:      0.025ns  ((TSJ^2 + TIJ^2)^1/2 + DJ) / 2 + PE
    Total System Jitter     (TSJ):    0.050ns
    Total Input Jitter      (TIJ):    0.000ns
    Discrete Jitter          (DJ):    0.000ns
    Phase Error              (PE):    0.000ns

    Location             Delay type                Incr(ns)  Path(ns)    Netlist Resource(s)
  -------------------------------------------------------------------    -------------------
                         (clock sys_clk_pin rise edge)
                                                      0.000     0.000 r  
    W5                                                0.000     0.000 r  clk (IN)
                         net (fo=0)                   0.000     0.000    clk
    W5                   IBUF (Prop_ibuf_I_O)         1.458     1.458 r  clk_IBUF_inst/O
                         net (fo=1, routed)           1.967     3.425    clk_IBUF
    BUFGCTRL_X0Y0        BUFG (Prop_bufg_I_O)         0.096     3.521 r  clk_IBUF_BUFG_inst/O
                         net (fo=21, routed)          1.619     5.140    SEVEN_SEGMENT_DISPLAY/DIGIT_SELECTOR/clk_IBUF_BUFG
    SLICE_X61Y23         FDSE                                         r  SEVEN_SEGMENT_DISPLAY/DIGIT_SELECTOR/q_reg[2]/C
  -------------------------------------------------------------------    -------------------
    SLICE_X61Y23         FDSE (Prop_fdse_C_Q)         0.456     5.596 r  SEVEN_SEGMENT_DISPLAY/DIGIT_SELECTOR/q_reg[2]/Q
                         net (fo=10, routed)          1.237     6.833    SEVEN_SEGMENT_DISPLAY/DIGIT_SELECTOR/d[1]
    SLICE_X64Y25         LUT4 (Prop_lut4_I0_O)        0.124     6.957 r  SEVEN_SEGMENT_DISPLAY/DIGIT_SELECTOR/CA_OBUF_inst_i_6/O
                         net (fo=1, routed)           1.026     7.983    SEVEN_SEGMENT_DISPLAY/DIGIT_SELECTOR/CA_OBUF_inst_i_6_n_0
    SLICE_X63Y21         LUT6 (Prop_lut6_I1_O)        0.124     8.107 r  SEVEN_SEGMENT_DISPLAY/DIGIT_SELECTOR/CA_OBUF_inst_i_2/O
                         net (fo=6, routed)           0.824     8.931    SEVEN_SEGMENT_DISPLAY/DIGIT_SELECTOR/CA_OBUF_inst_i_2_n_0
    SLICE_X65Y21         LUT4 (Prop_lut4_I0_O)        0.152     9.083 r  SEVEN_SEGMENT_DISPLAY/DIGIT_SELECTOR/CA_OBUF_inst_i_1/O
                         net (fo=1, routed)           1.824    10.907    CA_OBUF
    W7                   OBUF (Prop_obuf_I_O)         3.713    14.620 r  CA_OBUF_inst/O
                         net (fo=0)                   0.000    14.620    CA
    W7                                                                r  CA (OUT)
  -------------------------------------------------------------------    -------------------

Slack:                    inf
  Source:                 SEVEN_SEGMENT_DISPLAY/DIGIT_SELECTOR/q_reg[1]/C
                            (rising edge-triggered cell FDSE clocked by sys_clk_pin  {rise@0.000ns fall@5.000ns period=10.000ns})
  Destination:            CD
                            (output port)
  Path Group:             (none)
  Path Type:              Max at Slow Process Corner
  Data Path Delay:        9.431ns  (logic 4.964ns (52.633%)  route 4.467ns (47.367%))
  Logic Levels:           4  (LUT4=1 LUT5=2 OBUF=1)
  Clock Uncertainty:      0.025ns  ((TSJ^2 + TIJ^2)^1/2 + DJ) / 2 + PE
    Total System Jitter     (TSJ):    0.050ns
    Total Input Jitter      (TIJ):    0.000ns
    Discrete Jitter          (DJ):    0.000ns
    Phase Error              (PE):    0.000ns

    Location             Delay type                Incr(ns)  Path(ns)    Netlist Resource(s)
  -------------------------------------------------------------------    -------------------
                         (clock sys_clk_pin rise edge)
                                                      0.000     0.000 r  
    W5                                                0.000     0.000 r  clk (IN)
                         net (fo=0)                   0.000     0.000    clk
    W5                   IBUF (Prop_ibuf_I_O)         1.458     1.458 r  clk_IBUF_inst/O
                         net (fo=1, routed)           1.967     3.425    clk_IBUF
    BUFGCTRL_X0Y0        BUFG (Prop_bufg_I_O)         0.096     3.521 r  clk_IBUF_BUFG_inst/O
                         net (fo=21, routed)          1.619     5.140    SEVEN_SEGMENT_DISPLAY/DIGIT_SELECTOR/clk_IBUF_BUFG
    SLICE_X61Y23         FDSE                                         r  SEVEN_SEGMENT_DISPLAY/DIGIT_SELECTOR/q_reg[1]/C
  -------------------------------------------------------------------    -------------------
    SLICE_X61Y23         FDSE (Prop_fdse_C_Q)         0.419     5.559 f  SEVEN_SEGMENT_DISPLAY/DIGIT_SELECTOR/q_reg[1]/Q
                         net (fo=11, routed)          1.276     6.836    SEVEN_SEGMENT_DISPLAY/DIGIT_SELECTOR/digit_select[1]
    SLICE_X64Y21         LUT4 (Prop_lut4_I1_O)        0.299     7.135 f  SEVEN_SEGMENT_DISPLAY/DIGIT_SELECTOR/CA_OBUF_inst_i_7/O
                         net (fo=3, routed)           0.823     7.958    SEVEN_SEGMENT_DISPLAY/DIGIT_SELECTOR/CA_OBUF_inst_i_7_n_0
    SLICE_X64Y21         LUT5 (Prop_lut5_I4_O)        0.146     8.104 r  SEVEN_SEGMENT_DISPLAY/DIGIT_SELECTOR/CC_OBUF_inst_i_2/O
                         net (fo=3, routed)           0.705     8.808    SEVEN_SEGMENT_DISPLAY/DIGIT_SELECTOR/CC_OBUF_inst_i_2_n_0
    SLICE_X65Y21         LUT5 (Prop_lut5_I3_O)        0.356     9.164 r  SEVEN_SEGMENT_DISPLAY/DIGIT_SELECTOR/CD_OBUF_inst_i_1/O
                         net (fo=1, routed)           1.663    10.827    CD_OBUF
    V8                   OBUF (Prop_obuf_I_O)         3.744    14.571 r  CD_OBUF_inst/O
                         net (fo=0)                   0.000    14.571    CD
    V8                                                                r  CD (OUT)
  -------------------------------------------------------------------    -------------------

Slack:                    inf
  Source:                 SEVEN_SEGMENT_DISPLAY/DIGIT_SELECTOR/q_reg[1]/C
                            (rising edge-triggered cell FDSE clocked by sys_clk_pin  {rise@0.000ns fall@5.000ns period=10.000ns})
  Destination:            CF
                            (output port)
  Path Group:             (none)
  Path Type:              Max at Slow Process Corner
  Data Path Delay:        9.367ns  (logic 4.696ns (50.139%)  route 4.670ns (49.861%))
  Logic Levels:           4  (LUT4=1 LUT5=2 OBUF=1)
  Clock Uncertainty:      0.025ns  ((TSJ^2 + TIJ^2)^1/2 + DJ) / 2 + PE
    Total System Jitter     (TSJ):    0.050ns
    Total Input Jitter      (TIJ):    0.000ns
    Discrete Jitter          (DJ):    0.000ns
    Phase Error              (PE):    0.000ns

    Location             Delay type                Incr(ns)  Path(ns)    Netlist Resource(s)
  -------------------------------------------------------------------    -------------------
                         (clock sys_clk_pin rise edge)
                                                      0.000     0.000 r  
    W5                                                0.000     0.000 r  clk (IN)
                         net (fo=0)                   0.000     0.000    clk
    W5                   IBUF (Prop_ibuf_I_O)         1.458     1.458 r  clk_IBUF_inst/O
                         net (fo=1, routed)           1.967     3.425    clk_IBUF
    BUFGCTRL_X0Y0        BUFG (Prop_bufg_I_O)         0.096     3.521 r  clk_IBUF_BUFG_inst/O
                         net (fo=21, routed)          1.619     5.140    SEVEN_SEGMENT_DISPLAY/DIGIT_SELECTOR/clk_IBUF_BUFG
    SLICE_X61Y23         FDSE                                         r  SEVEN_SEGMENT_DISPLAY/DIGIT_SELECTOR/q_reg[1]/C
  -------------------------------------------------------------------    -------------------
    SLICE_X61Y23         FDSE (Prop_fdse_C_Q)         0.419     5.559 f  SEVEN_SEGMENT_DISPLAY/DIGIT_SELECTOR/q_reg[1]/Q
                         net (fo=11, routed)          1.276     6.836    SEVEN_SEGMENT_DISPLAY/DIGIT_SELECTOR/digit_select[1]
    SLICE_X64Y21         LUT4 (Prop_lut4_I1_O)        0.299     7.135 f  SEVEN_SEGMENT_DISPLAY/DIGIT_SELECTOR/CA_OBUF_inst_i_7/O
                         net (fo=3, routed)           0.823     7.958    SEVEN_SEGMENT_DISPLAY/DIGIT_SELECTOR/CA_OBUF_inst_i_7_n_0
    SLICE_X64Y21         LUT5 (Prop_lut5_I4_O)        0.146     8.104 r  SEVEN_SEGMENT_DISPLAY/DIGIT_SELECTOR/CC_OBUF_inst_i_2/O
                         net (fo=3, routed)           0.705     8.808    SEVEN_SEGMENT_DISPLAY/DIGIT_SELECTOR/CC_OBUF_inst_i_2_n_0
    SLICE_X65Y21         LUT5 (Prop_lut5_I1_O)        0.328     9.136 r  SEVEN_SEGMENT_DISPLAY/DIGIT_SELECTOR/CF_OBUF_inst_i_1/O
                         net (fo=1, routed)           1.866    11.003    CF_OBUF
    V5                   OBUF (Prop_obuf_I_O)         3.504    14.507 r  CF_OBUF_inst/O
                         net (fo=0)                   0.000    14.507    CF
    V5                                                                r  CF (OUT)
  -------------------------------------------------------------------    -------------------

Slack:                    inf
  Source:                 SEVEN_SEGMENT_DISPLAY/DIGIT_SELECTOR/q_reg[2]/C
                            (rising edge-triggered cell FDSE clocked by sys_clk_pin  {rise@0.000ns fall@5.000ns period=10.000ns})
  Destination:            CE
                            (output port)
  Path Group:             (none)
  Path Type:              Max at Slow Process Corner
  Data Path Delay:        9.247ns  (logic 4.348ns (47.021%)  route 4.899ns (52.979%))
  Logic Levels:           4  (LUT4=2 LUT6=1 OBUF=1)
  Clock Uncertainty:      0.025ns  ((TSJ^2 + TIJ^2)^1/2 + DJ) / 2 + PE
    Total System Jitter     (TSJ):    0.050ns
    Total Input Jitter      (TIJ):    0.000ns
    Discrete Jitter          (DJ):    0.000ns
    Phase Error              (PE):    0.000ns

    Location             Delay type                Incr(ns)  Path(ns)    Netlist Resource(s)
  -------------------------------------------------------------------    -------------------
                         (clock sys_clk_pin rise edge)
                                                      0.000     0.000 r  
    W5                                                0.000     0.000 r  clk (IN)
                         net (fo=0)                   0.000     0.000    clk
    W5                   IBUF (Prop_ibuf_I_O)         1.458     1.458 r  clk_IBUF_inst/O
                         net (fo=1, routed)           1.967     3.425    clk_IBUF
    BUFGCTRL_X0Y0        BUFG (Prop_bufg_I_O)         0.096     3.521 r  clk_IBUF_BUFG_inst/O
                         net (fo=21, routed)          1.619     5.140    SEVEN_SEGMENT_DISPLAY/DIGIT_SELECTOR/clk_IBUF_BUFG
    SLICE_X61Y23         FDSE                                         r  SEVEN_SEGMENT_DISPLAY/DIGIT_SELECTOR/q_reg[2]/C
  -------------------------------------------------------------------    -------------------
    SLICE_X61Y23         FDSE (Prop_fdse_C_Q)         0.456     5.596 f  SEVEN_SEGMENT_DISPLAY/DIGIT_SELECTOR/q_reg[2]/Q
                         net (fo=10, routed)          1.237     6.833    SEVEN_SEGMENT_DISPLAY/DIGIT_SELECTOR/d[1]
    SLICE_X64Y25         LUT4 (Prop_lut4_I0_O)        0.124     6.957 f  SEVEN_SEGMENT_DISPLAY/DIGIT_SELECTOR/CA_OBUF_inst_i_6/O
                         net (fo=1, routed)           1.026     7.983    SEVEN_SEGMENT_DISPLAY/DIGIT_SELECTOR/CA_OBUF_inst_i_6_n_0
    SLICE_X63Y21         LUT6 (Prop_lut6_I1_O)        0.124     8.107 f  SEVEN_SEGMENT_DISPLAY/DIGIT_SELECTOR/CA_OBUF_inst_i_2/O
                         net (fo=6, routed)           0.824     8.931    SEVEN_SEGMENT_DISPLAY/DIGIT_SELECTOR/CA_OBUF_inst_i_2_n_0
    SLICE_X65Y21         LUT4 (Prop_lut4_I0_O)        0.124     9.055 r  SEVEN_SEGMENT_DISPLAY/DIGIT_SELECTOR/CE_OBUF_inst_i_1/O
                         net (fo=1, routed)           1.812    10.867    CE_OBUF
    U5                   OBUF (Prop_obuf_I_O)         3.520    14.387 r  CE_OBUF_inst/O
                         net (fo=0)                   0.000    14.387    CE
    U5                                                                r  CE (OUT)
  -------------------------------------------------------------------    -------------------

Slack:                    inf
  Source:                 SEVEN_SEGMENT_DISPLAY/DIGIT_SELECTOR/q_reg[1]/C
                            (rising edge-triggered cell FDSE clocked by sys_clk_pin  {rise@0.000ns fall@5.000ns period=10.000ns})
  Destination:            CC
                            (output port)
  Path Group:             (none)
  Path Type:              Max at Slow Process Corner
  Data Path Delay:        9.164ns  (logic 4.727ns (51.581%)  route 4.437ns (48.419%))
  Logic Levels:           4  (LUT4=1 LUT5=2 OBUF=1)
  Clock Uncertainty:      0.025ns  ((TSJ^2 + TIJ^2)^1/2 + DJ) / 2 + PE
    Total System Jitter     (TSJ):    0.050ns
    Total Input Jitter      (TIJ):    0.000ns
    Discrete Jitter          (DJ):    0.000ns
    Phase Error              (PE):    0.000ns

    Location             Delay type                Incr(ns)  Path(ns)    Netlist Resource(s)
  -------------------------------------------------------------------    -------------------
                         (clock sys_clk_pin rise edge)
                                                      0.000     0.000 r  
    W5                                                0.000     0.000 r  clk (IN)
                         net (fo=0)                   0.000     0.000    clk
    W5                   IBUF (Prop_ibuf_I_O)         1.458     1.458 r  clk_IBUF_inst/O
                         net (fo=1, routed)           1.967     3.425    clk_IBUF
    BUFGCTRL_X0Y0        BUFG (Prop_bufg_I_O)         0.096     3.521 r  clk_IBUF_BUFG_inst/O
                         net (fo=21, routed)          1.619     5.140    SEVEN_SEGMENT_DISPLAY/DIGIT_SELECTOR/clk_IBUF_BUFG
    SLICE_X61Y23         FDSE                                         r  SEVEN_SEGMENT_DISPLAY/DIGIT_SELECTOR/q_reg[1]/C
  -------------------------------------------------------------------    -------------------
    SLICE_X61Y23         FDSE (Prop_fdse_C_Q)         0.419     5.559 f  SEVEN_SEGMENT_DISPLAY/DIGIT_SELECTOR/q_reg[1]/Q
                         net (fo=11, routed)          1.276     6.836    SEVEN_SEGMENT_DISPLAY/DIGIT_SELECTOR/digit_select[1]
    SLICE_X64Y21         LUT4 (Prop_lut4_I1_O)        0.299     7.135 f  SEVEN_SEGMENT_DISPLAY/DIGIT_SELECTOR/CA_OBUF_inst_i_7/O
                         net (fo=3, routed)           0.823     7.958    SEVEN_SEGMENT_DISPLAY/DIGIT_SELECTOR/CA_OBUF_inst_i_7_n_0
    SLICE_X64Y21         LUT5 (Prop_lut5_I4_O)        0.146     8.104 r  SEVEN_SEGMENT_DISPLAY/DIGIT_SELECTOR/CC_OBUF_inst_i_2/O
                         net (fo=3, routed)           0.675     8.779    SEVEN_SEGMENT_DISPLAY/DIGIT_SELECTOR/CC_OBUF_inst_i_2_n_0
    SLICE_X65Y21         LUT5 (Prop_lut5_I2_O)        0.328     9.107 r  SEVEN_SEGMENT_DISPLAY/DIGIT_SELECTOR/CC_OBUF_inst_i_1/O
                         net (fo=1, routed)           1.663    10.770    CC_OBUF
    U8                   OBUF (Prop_obuf_I_O)         3.535    14.305 r  CC_OBUF_inst/O
                         net (fo=0)                   0.000    14.305    CC
    U8                                                                r  CC (OUT)
  -------------------------------------------------------------------    -------------------

Slack:                    inf
  Source:                 SEVEN_SEGMENT_DISPLAY/DIGIT_SELECTOR/q_reg[2]/C
                            (rising edge-triggered cell FDSE clocked by sys_clk_pin  {rise@0.000ns fall@5.000ns period=10.000ns})
  Destination:            CB
                            (output port)
  Path Group:             (none)
  Path Type:              Max at Slow Process Corner
  Data Path Delay:        9.013ns  (logic 4.357ns (48.345%)  route 4.655ns (51.655%))
  Logic Levels:           4  (LUT4=1 LUT5=1 LUT6=1 OBUF=1)
  Clock Uncertainty:      0.025ns  ((TSJ^2 + TIJ^2)^1/2 + DJ) / 2 + PE
    Total System Jitter     (TSJ):    0.050ns
    Total Input Jitter      (TIJ):    0.000ns
    Discrete Jitter          (DJ):    0.000ns
    Phase Error              (PE):    0.000ns

    Location             Delay type                Incr(ns)  Path(ns)    Netlist Resource(s)
  -------------------------------------------------------------------    -------------------
                         (clock sys_clk_pin rise edge)
                                                      0.000     0.000 r  
    W5                                                0.000     0.000 r  clk (IN)
                         net (fo=0)                   0.000     0.000    clk
    W5                   IBUF (Prop_ibuf_I_O)         1.458     1.458 r  clk_IBUF_inst/O
                         net (fo=1, routed)           1.967     3.425    clk_IBUF
    BUFGCTRL_X0Y0        BUFG (Prop_bufg_I_O)         0.096     3.521 r  clk_IBUF_BUFG_inst/O
                         net (fo=21, routed)          1.619     5.140    SEVEN_SEGMENT_DISPLAY/DIGIT_SELECTOR/clk_IBUF_BUFG
    SLICE_X61Y23         FDSE                                         r  SEVEN_SEGMENT_DISPLAY/DIGIT_SELECTOR/q_reg[2]/C
  -------------------------------------------------------------------    -------------------
    SLICE_X61Y23         FDSE (Prop_fdse_C_Q)         0.456     5.596 r  SEVEN_SEGMENT_DISPLAY/DIGIT_SELECTOR/q_reg[2]/Q
                         net (fo=10, routed)          1.237     6.833    SEVEN_SEGMENT_DISPLAY/DIGIT_SELECTOR/d[1]
    SLICE_X64Y25         LUT4 (Prop_lut4_I0_O)        0.124     6.957 r  SEVEN_SEGMENT_DISPLAY/DIGIT_SELECTOR/CA_OBUF_inst_i_6/O
                         net (fo=1, routed)           1.026     7.983    SEVEN_SEGMENT_DISPLAY/DIGIT_SELECTOR/CA_OBUF_inst_i_6_n_0
    SLICE_X63Y21         LUT6 (Prop_lut6_I1_O)        0.124     8.107 r  SEVEN_SEGMENT_DISPLAY/DIGIT_SELECTOR/CA_OBUF_inst_i_2/O
                         net (fo=6, routed)           0.589     8.696    SEVEN_SEGMENT_DISPLAY/DIGIT_SELECTOR/CA_OBUF_inst_i_2_n_0
    SLICE_X65Y21         LUT5 (Prop_lut5_I0_O)        0.124     8.820 r  SEVEN_SEGMENT_DISPLAY/DIGIT_SELECTOR/CB_OBUF_inst_i_1/O
                         net (fo=1, routed)           1.804    10.624    CB_OBUF
    W6                   OBUF (Prop_obuf_I_O)         3.529    14.153 r  CB_OBUF_inst/O
                         net (fo=0)                   0.000    14.153    CB
    W6                                                                r  CB (OUT)
  -------------------------------------------------------------------    -------------------

Slack:                    inf
  Source:                 SEVEN_SEGMENT_DISPLAY/DIGIT_SELECTOR/q_reg[1]/C
                            (rising edge-triggered cell FDSE clocked by sys_clk_pin  {rise@0.000ns fall@5.000ns period=10.000ns})
  Destination:            AN2
                            (output port)
  Path Group:             (none)
  Path Type:              Max at Slow Process Corner
  Data Path Delay:        7.771ns  (logic 4.217ns (54.266%)  route 3.554ns (45.734%))
  Logic Levels:           2  (LUT1=1 OBUF=1)
  Clock Uncertainty:      0.025ns  ((TSJ^2 + TIJ^2)^1/2 + DJ) / 2 + PE
    Total System Jitter     (TSJ):    0.050ns
    Total Input Jitter      (TIJ):    0.000ns
    Discrete Jitter          (DJ):    0.000ns
    Phase Error              (PE):    0.000ns

    Location             Delay type                Incr(ns)  Path(ns)    Netlist Resource(s)
  -------------------------------------------------------------------    -------------------
                         (clock sys_clk_pin rise edge)
                                                      0.000     0.000 r  
    W5                                                0.000     0.000 r  clk (IN)
                         net (fo=0)                   0.000     0.000    clk
    W5                   IBUF (Prop_ibuf_I_O)         1.458     1.458 r  clk_IBUF_inst/O
                         net (fo=1, routed)           1.967     3.425    clk_IBUF
    BUFGCTRL_X0Y0        BUFG (Prop_bufg_I_O)         0.096     3.521 r  clk_IBUF_BUFG_inst/O
                         net (fo=21, routed)          1.619     5.140    SEVEN_SEGMENT_DISPLAY/DIGIT_SELECTOR/clk_IBUF_BUFG
    SLICE_X61Y23         FDSE                                         r  SEVEN_SEGMENT_DISPLAY/DIGIT_SELECTOR/q_reg[1]/C
  -------------------------------------------------------------------    -------------------
    SLICE_X61Y23         FDSE (Prop_fdse_C_Q)         0.419     5.559 f  SEVEN_SEGMENT_DISPLAY/DIGIT_SELECTOR/q_reg[1]/Q
                         net (fo=11, routed)          1.607     7.167    SEVEN_SEGMENT_DISPLAY/DIGIT_SELECTOR/digit_select[1]
    SLICE_X63Y21         LUT1 (Prop_lut1_I0_O)        0.299     7.466 r  SEVEN_SEGMENT_DISPLAY/DIGIT_SELECTOR/AN2_OBUF_inst_i_1/O
                         net (fo=1, routed)           1.947     9.412    AN2_OBUF
    U4                   OBUF (Prop_obuf_I_O)         3.499    12.911 r  AN2_OBUF_inst/O
                         net (fo=0)                   0.000    12.911    AN2
    U4                                                                r  AN2 (OUT)
  -------------------------------------------------------------------    -------------------

Slack:                    inf
  Source:                 SEVEN_SEGMENT_DISPLAY/DIGIT_SELECTOR/q_reg[2]/C
                            (rising edge-triggered cell FDSE clocked by sys_clk_pin  {rise@0.000ns fall@5.000ns period=10.000ns})
  Destination:            AN3
                            (output port)
  Path Group:             (none)
  Path Type:              Max at Slow Process Corner
  Data Path Delay:        7.440ns  (logic 4.103ns (55.148%)  route 3.337ns (44.852%))
  Logic Levels:           2  (LUT1=1 OBUF=1)
  Clock Uncertainty:      0.025ns  ((TSJ^2 + TIJ^2)^1/2 + DJ) / 2 + PE
    Total System Jitter     (TSJ):    0.050ns
    Total Input Jitter      (TIJ):    0.000ns
    Discrete Jitter          (DJ):    0.000ns
    Phase Error              (PE):    0.000ns

    Location             Delay type                Incr(ns)  Path(ns)    Netlist Resource(s)
  -------------------------------------------------------------------    -------------------
                         (clock sys_clk_pin rise edge)
                                                      0.000     0.000 r  
    W5                                                0.000     0.000 r  clk (IN)
                         net (fo=0)                   0.000     0.000    clk
    W5                   IBUF (Prop_ibuf_I_O)         1.458     1.458 r  clk_IBUF_inst/O
                         net (fo=1, routed)           1.967     3.425    clk_IBUF
    BUFGCTRL_X0Y0        BUFG (Prop_bufg_I_O)         0.096     3.521 r  clk_IBUF_BUFG_inst/O
                         net (fo=21, routed)          1.619     5.140    SEVEN_SEGMENT_DISPLAY/DIGIT_SELECTOR/clk_IBUF_BUFG
    SLICE_X61Y23         FDSE                                         r  SEVEN_SEGMENT_DISPLAY/DIGIT_SELECTOR/q_reg[2]/C
  -------------------------------------------------------------------    -------------------
    SLICE_X61Y23         FDSE (Prop_fdse_C_Q)         0.456     5.596 f  SEVEN_SEGMENT_DISPLAY/DIGIT_SELECTOR/q_reg[2]/Q
                         net (fo=10, routed)          1.447     7.043    SEVEN_SEGMENT_DISPLAY/DIGIT_SELECTOR/d[1]
    SLICE_X64Y21         LUT1 (Prop_lut1_I0_O)        0.124     7.167 r  SEVEN_SEGMENT_DISPLAY/DIGIT_SELECTOR/AN3_OBUF_inst_i_1/O
                         net (fo=1, routed)           1.890     9.057    AN3_OBUF
    V4                   OBUF (Prop_obuf_I_O)         3.523    12.580 r  AN3_OBUF_inst/O
                         net (fo=0)                   0.000    12.580    AN3
    V4                                                                r  AN3 (OUT)
  -------------------------------------------------------------------    -------------------

Slack:                    inf
  Source:                 SEVEN_SEGMENT_DISPLAY/DIGIT_SELECTOR/q_reg[3]/C
                            (rising edge-triggered cell FDRE clocked by sys_clk_pin  {rise@0.000ns fall@5.000ns period=10.000ns})
  Destination:            AN4
                            (output port)
  Path Group:             (none)
  Path Type:              Max at Slow Process Corner
  Data Path Delay:        7.072ns  (logic 4.318ns (61.066%)  route 2.753ns (38.934%))
  Logic Levels:           2  (LUT1=1 OBUF=1)
  Clock Uncertainty:      0.025ns  ((TSJ^2 + TIJ^2)^1/2 + DJ) / 2 + PE
    Total System Jitter     (TSJ):    0.050ns
    Total Input Jitter      (TIJ):    0.000ns
    Discrete Jitter          (DJ):    0.000ns
    Phase Error              (PE):    0.000ns

    Location             Delay type                Incr(ns)  Path(ns)    Netlist Resource(s)
  -------------------------------------------------------------------    -------------------
                         (clock sys_clk_pin rise edge)
                                                      0.000     0.000 r  
    W5                                                0.000     0.000 r  clk (IN)
                         net (fo=0)                   0.000     0.000    clk
    W5                   IBUF (Prop_ibuf_I_O)         1.458     1.458 r  clk_IBUF_inst/O
                         net (fo=1, routed)           1.967     3.425    clk_IBUF
    BUFGCTRL_X0Y0        BUFG (Prop_bufg_I_O)         0.096     3.521 r  clk_IBUF_BUFG_inst/O
                         net (fo=21, routed)          1.620     5.141    SEVEN_SEGMENT_DISPLAY/DIGIT_SELECTOR/clk_IBUF_BUFG
    SLICE_X61Y22         FDRE                                         r  SEVEN_SEGMENT_DISPLAY/DIGIT_SELECTOR/q_reg[3]/C
  -------------------------------------------------------------------    -------------------
    SLICE_X61Y22         FDRE (Prop_fdre_C_Q)         0.456     5.597 f  SEVEN_SEGMENT_DISPLAY/DIGIT_SELECTOR/q_reg[3]/Q
                         net (fo=8, routed)           1.090     6.687    SEVEN_SEGMENT_DISPLAY/DIGIT_SELECTOR/d[0]
    SLICE_X64Y25         LUT1 (Prop_lut1_I0_O)        0.148     6.835 r  SEVEN_SEGMENT_DISPLAY/DIGIT_SELECTOR/AN4_OBUF_inst_i_1/O
                         net (fo=1, routed)           1.664     8.499    AN4_OBUF
    W4                   OBUF (Prop_obuf_I_O)         3.714    12.213 r  AN4_OBUF_inst/O
                         net (fo=0)                   0.000    12.213    AN4
    W4                                                                r  AN4 (OUT)
  -------------------------------------------------------------------    -------------------

Slack:                    inf
  Source:                 SEVEN_SEGMENT_DISPLAY/DIGIT_SELECTOR/q_reg[0]/C
                            (rising edge-triggered cell FDSE clocked by sys_clk_pin  {rise@0.000ns fall@5.000ns period=10.000ns})
  Destination:            AN1
                            (output port)
  Path Group:             (none)
  Path Type:              Max at Slow Process Corner
  Data Path Delay:        6.902ns  (logic 4.319ns (62.578%)  route 2.583ns (37.422%))
  Logic Levels:           2  (LUT1=1 OBUF=1)
  Clock Uncertainty:      0.025ns  ((TSJ^2 + TIJ^2)^1/2 + DJ) / 2 + PE
    Total System Jitter     (TSJ):    0.050ns
    Total Input Jitter      (TIJ):    0.000ns
    Discrete Jitter          (DJ):    0.000ns
    Phase Error              (PE):    0.000ns

    Location             Delay type                Incr(ns)  Path(ns)    Netlist Resource(s)
  -------------------------------------------------------------------    -------------------
                         (clock sys_clk_pin rise edge)
                                                      0.000     0.000 r  
    W5                                                0.000     0.000 r  clk (IN)
                         net (fo=0)                   0.000     0.000    clk
    W5                   IBUF (Prop_ibuf_I_O)         1.458     1.458 r  clk_IBUF_inst/O
                         net (fo=1, routed)           1.967     3.425    clk_IBUF
    BUFGCTRL_X0Y0        BUFG (Prop_bufg_I_O)         0.096     3.521 r  clk_IBUF_BUFG_inst/O
                         net (fo=21, routed)          1.619     5.140    SEVEN_SEGMENT_DISPLAY/DIGIT_SELECTOR/clk_IBUF_BUFG
    SLICE_X61Y23         FDSE                                         r  SEVEN_SEGMENT_DISPLAY/DIGIT_SELECTOR/q_reg[0]/C
  -------------------------------------------------------------------    -------------------
    SLICE_X61Y23         FDSE (Prop_fdse_C_Q)         0.456     5.596 f  SEVEN_SEGMENT_DISPLAY/DIGIT_SELECTOR/q_reg[0]/Q
                         net (fo=13, routed)          0.522     6.119    SEVEN_SEGMENT_DISPLAY/DIGIT_SELECTOR/digit_select[0]
    SLICE_X61Y23         LUT1 (Prop_lut1_I0_O)        0.152     6.271 r  SEVEN_SEGMENT_DISPLAY/DIGIT_SELECTOR/AN1_OBUF_inst_i_1/O
                         net (fo=1, routed)           2.060     8.331    AN1_OBUF
    U2                   OBUF (Prop_obuf_I_O)         3.711    12.042 r  AN1_OBUF_inst/O
                         net (fo=0)                   0.000    12.042    AN1
    U2                                                                r  AN1 (OUT)
  -------------------------------------------------------------------    -------------------





Min Delay Paths
--------------------------------------------------------------------------------------
Slack:                    inf
  Source:                 SEVEN_SEGMENT_DISPLAY/DIGIT_SELECTOR/q_reg[0]/C
                            (rising edge-triggered cell FDSE clocked by sys_clk_pin  {rise@0.000ns fall@5.000ns period=10.000ns})
  Destination:            AN1
                            (output port)
  Path Group:             (none)
  Path Type:              Min at Fast Process Corner
  Data Path Delay:        2.145ns  (logic 1.455ns (67.840%)  route 0.690ns (32.160%))
  Logic Levels:           2  (LUT1=1 OBUF=1)
  Clock Uncertainty:      0.025ns  ((TSJ^2 + TIJ^2)^1/2 + DJ) / 2 + PE
    Total System Jitter     (TSJ):    0.050ns
    Total Input Jitter      (TIJ):    0.000ns
    Discrete Jitter          (DJ):    0.000ns
    Phase Error              (PE):    0.000ns

    Location             Delay type                Incr(ns)  Path(ns)    Netlist Resource(s)
  -------------------------------------------------------------------    -------------------
                         (clock sys_clk_pin rise edge)
                                                      0.000     0.000 r  
    W5                                                0.000     0.000 r  clk (IN)
                         net (fo=0)                   0.000     0.000    clk
    W5                   IBUF (Prop_ibuf_I_O)         0.226     0.226 r  clk_IBUF_inst/O
                         net (fo=1, routed)           0.631     0.858    clk_IBUF
    BUFGCTRL_X0Y0        BUFG (Prop_bufg_I_O)         0.026     0.884 r  clk_IBUF_BUFG_inst/O
                         net (fo=21, routed)          0.582     1.465    SEVEN_SEGMENT_DISPLAY/DIGIT_SELECTOR/clk_IBUF_BUFG
    SLICE_X61Y23         FDSE                                         r  SEVEN_SEGMENT_DISPLAY/DIGIT_SELECTOR/q_reg[0]/C
  -------------------------------------------------------------------    -------------------
    SLICE_X61Y23         FDSE (Prop_fdse_C_Q)         0.141     1.606 f  SEVEN_SEGMENT_DISPLAY/DIGIT_SELECTOR/q_reg[0]/Q
                         net (fo=13, routed)          0.182     1.789    SEVEN_SEGMENT_DISPLAY/DIGIT_SELECTOR/digit_select[0]
    SLICE_X61Y23         LUT1 (Prop_lut1_I0_O)        0.043     1.832 r  SEVEN_SEGMENT_DISPLAY/DIGIT_SELECTOR/AN1_OBUF_inst_i_1/O
                         net (fo=1, routed)           0.507     2.339    AN1_OBUF
    U2                   OBUF (Prop_obuf_I_O)         1.271     3.610 r  AN1_OBUF_inst/O
                         net (fo=0)                   0.000     3.610    AN1
    U2                                                                r  AN1 (OUT)
  -------------------------------------------------------------------    -------------------

Slack:                    inf
  Source:                 SEVEN_SEGMENT_DISPLAY/DIGIT_SELECTOR/q_reg[2]/C
                            (rising edge-triggered cell FDSE clocked by sys_clk_pin  {rise@0.000ns fall@5.000ns period=10.000ns})
  Destination:            CB
                            (output port)
  Path Group:             (none)
  Path Type:              Min at Fast Process Corner
  Data Path Delay:        2.208ns  (logic 1.461ns (66.172%)  route 0.747ns (33.828%))
  Logic Levels:           3  (LUT4=1 LUT5=1 OBUF=1)
  Clock Uncertainty:      0.025ns  ((TSJ^2 + TIJ^2)^1/2 + DJ) / 2 + PE
    Total System Jitter     (TSJ):    0.050ns
    Total Input Jitter      (TIJ):    0.000ns
    Discrete Jitter          (DJ):    0.000ns
    Phase Error              (PE):    0.000ns

    Location             Delay type                Incr(ns)  Path(ns)    Netlist Resource(s)
  -------------------------------------------------------------------    -------------------
                         (clock sys_clk_pin rise edge)
                                                      0.000     0.000 r  
    W5                                                0.000     0.000 r  clk (IN)
                         net (fo=0)                   0.000     0.000    clk
    W5                   IBUF (Prop_ibuf_I_O)         0.226     0.226 r  clk_IBUF_inst/O
                         net (fo=1, routed)           0.631     0.858    clk_IBUF
    BUFGCTRL_X0Y0        BUFG (Prop_bufg_I_O)         0.026     0.884 r  clk_IBUF_BUFG_inst/O
                         net (fo=21, routed)          0.582     1.465    SEVEN_SEGMENT_DISPLAY/DIGIT_SELECTOR/clk_IBUF_BUFG
    SLICE_X61Y23         FDSE                                         r  SEVEN_SEGMENT_DISPLAY/DIGIT_SELECTOR/q_reg[2]/C
  -------------------------------------------------------------------    -------------------
    SLICE_X61Y23         FDSE (Prop_fdse_C_Q)         0.141     1.606 r  SEVEN_SEGMENT_DISPLAY/DIGIT_SELECTOR/q_reg[2]/Q
                         net (fo=10, routed)          0.214     1.820    SEVEN_SEGMENT_DISPLAY/DIGIT_MUX/d[1]
    SLICE_X62Y21         LUT4 (Prop_lut4_I2_O)        0.045     1.865 r  SEVEN_SEGMENT_DISPLAY/DIGIT_MUX/time_digit/O
                         net (fo=9, routed)           0.142     2.006    SEVEN_SEGMENT_DISPLAY/DIGIT_SELECTOR/CF
    SLICE_X65Y21         LUT5 (Prop_lut5_I2_O)        0.045     2.051 r  SEVEN_SEGMENT_DISPLAY/DIGIT_SELECTOR/CB_OBUF_inst_i_1/O
                         net (fo=1, routed)           0.392     2.443    CB_OBUF
    W6                   OBUF (Prop_obuf_I_O)         1.230     3.673 r  CB_OBUF_inst/O
                         net (fo=0)                   0.000     3.673    CB
    W6                                                                r  CB (OUT)
  -------------------------------------------------------------------    -------------------

Slack:                    inf
  Source:                 SEVEN_SEGMENT_DISPLAY/DIGIT_SELECTOR/q_reg[3]/C
                            (rising edge-triggered cell FDRE clocked by sys_clk_pin  {rise@0.000ns fall@5.000ns period=10.000ns})
  Destination:            AN4
                            (output port)
  Path Group:             (none)
  Path Type:              Min at Fast Process Corner
  Data Path Delay:        2.240ns  (logic 1.461ns (65.251%)  route 0.778ns (34.749%))
  Logic Levels:           2  (LUT1=1 OBUF=1)
  Clock Uncertainty:      0.025ns  ((TSJ^2 + TIJ^2)^1/2 + DJ) / 2 + PE
    Total System Jitter     (TSJ):    0.050ns
    Total Input Jitter      (TIJ):    0.000ns
    Discrete Jitter          (DJ):    0.000ns
    Phase Error              (PE):    0.000ns

    Location             Delay type                Incr(ns)  Path(ns)    Netlist Resource(s)
  -------------------------------------------------------------------    -------------------
                         (clock sys_clk_pin rise edge)
                                                      0.000     0.000 r  
    W5                                                0.000     0.000 r  clk (IN)
                         net (fo=0)                   0.000     0.000    clk
    W5                   IBUF (Prop_ibuf_I_O)         0.226     0.226 r  clk_IBUF_inst/O
                         net (fo=1, routed)           0.631     0.858    clk_IBUF
    BUFGCTRL_X0Y0        BUFG (Prop_bufg_I_O)         0.026     0.884 r  clk_IBUF_BUFG_inst/O
                         net (fo=21, routed)          0.584     1.467    SEVEN_SEGMENT_DISPLAY/DIGIT_SELECTOR/clk_IBUF_BUFG
    SLICE_X61Y22         FDRE                                         r  SEVEN_SEGMENT_DISPLAY/DIGIT_SELECTOR/q_reg[3]/C
  -------------------------------------------------------------------    -------------------
    SLICE_X61Y22         FDRE (Prop_fdre_C_Q)         0.141     1.608 f  SEVEN_SEGMENT_DISPLAY/DIGIT_SELECTOR/q_reg[3]/Q
                         net (fo=8, routed)           0.444     2.052    SEVEN_SEGMENT_DISPLAY/DIGIT_SELECTOR/d[0]
    SLICE_X64Y25         LUT1 (Prop_lut1_I0_O)        0.043     2.095 r  SEVEN_SEGMENT_DISPLAY/DIGIT_SELECTOR/AN4_OBUF_inst_i_1/O
                         net (fo=1, routed)           0.335     2.429    AN4_OBUF
    W4                   OBUF (Prop_obuf_I_O)         1.277     3.707 r  AN4_OBUF_inst/O
                         net (fo=0)                   0.000     3.707    AN4
    W4                                                                r  AN4 (OUT)
  -------------------------------------------------------------------    -------------------

Slack:                    inf
  Source:                 SEVEN_SEGMENT_DISPLAY/DIGIT_SELECTOR/q_reg[1]/C
                            (rising edge-triggered cell FDSE clocked by sys_clk_pin  {rise@0.000ns fall@5.000ns period=10.000ns})
  Destination:            CE
                            (output port)
  Path Group:             (none)
  Path Type:              Min at Fast Process Corner
  Data Path Delay:        2.317ns  (logic 1.493ns (64.425%)  route 0.824ns (35.575%))
  Logic Levels:           3  (LUT4=1 LUT6=1 OBUF=1)
  Clock Uncertainty:      0.025ns  ((TSJ^2 + TIJ^2)^1/2 + DJ) / 2 + PE
    Total System Jitter     (TSJ):    0.050ns
    Total Input Jitter      (TIJ):    0.000ns
    Discrete Jitter          (DJ):    0.000ns
    Phase Error              (PE):    0.000ns

    Location             Delay type                Incr(ns)  Path(ns)    Netlist Resource(s)
  -------------------------------------------------------------------    -------------------
                         (clock sys_clk_pin rise edge)
                                                      0.000     0.000 r  
    W5                                                0.000     0.000 r  clk (IN)
                         net (fo=0)                   0.000     0.000    clk
    W5                   IBUF (Prop_ibuf_I_O)         0.226     0.226 r  clk_IBUF_inst/O
                         net (fo=1, routed)           0.631     0.858    clk_IBUF
    BUFGCTRL_X0Y0        BUFG (Prop_bufg_I_O)         0.026     0.884 r  clk_IBUF_BUFG_inst/O
                         net (fo=21, routed)          0.582     1.465    SEVEN_SEGMENT_DISPLAY/DIGIT_SELECTOR/clk_IBUF_BUFG
    SLICE_X61Y23         FDSE                                         r  SEVEN_SEGMENT_DISPLAY/DIGIT_SELECTOR/q_reg[1]/C
  -------------------------------------------------------------------    -------------------
    SLICE_X61Y23         FDSE (Prop_fdse_C_Q)         0.128     1.593 r  SEVEN_SEGMENT_DISPLAY/DIGIT_SELECTOR/q_reg[1]/Q
                         net (fo=11, routed)          0.235     1.828    SEVEN_SEGMENT_DISPLAY/DIGIT_SELECTOR/digit_select[1]
    SLICE_X63Y21         LUT6 (Prop_lut6_I3_O)        0.099     1.927 r  SEVEN_SEGMENT_DISPLAY/DIGIT_SELECTOR/CA_OBUF_inst_i_5/O
                         net (fo=5, routed)           0.210     2.138    SEVEN_SEGMENT_DISPLAY/DIGIT_SELECTOR/CA_OBUF_inst_i_5_n_0
    SLICE_X65Y21         LUT4 (Prop_lut4_I1_O)        0.045     2.183 r  SEVEN_SEGMENT_DISPLAY/DIGIT_SELECTOR/CE_OBUF_inst_i_1/O
                         net (fo=1, routed)           0.379     2.562    CE_OBUF
    U5                   OBUF (Prop_obuf_I_O)         1.221     3.782 r  CE_OBUF_inst/O
                         net (fo=0)                   0.000     3.782    CE
    U5                                                                r  CE (OUT)
  -------------------------------------------------------------------    -------------------

Slack:                    inf
  Source:                 SEVEN_SEGMENT_DISPLAY/DIGIT_SELECTOR/q_reg[2]/C
                            (rising edge-triggered cell FDSE clocked by sys_clk_pin  {rise@0.000ns fall@5.000ns period=10.000ns})
  Destination:            CC
                            (output port)
  Path Group:             (none)
  Path Type:              Min at Fast Process Corner
  Data Path Delay:        2.322ns  (logic 1.467ns (63.169%)  route 0.855ns (36.831%))
  Logic Levels:           3  (LUT4=1 LUT5=1 OBUF=1)
  Clock Uncertainty:      0.025ns  ((TSJ^2 + TIJ^2)^1/2 + DJ) / 2 + PE
    Total System Jitter     (TSJ):    0.050ns
    Total Input Jitter      (TIJ):    0.000ns
    Discrete Jitter          (DJ):    0.000ns
    Phase Error              (PE):    0.000ns

    Location             Delay type                Incr(ns)  Path(ns)    Netlist Resource(s)
  -------------------------------------------------------------------    -------------------
                         (clock sys_clk_pin rise edge)
                                                      0.000     0.000 r  
    W5                                                0.000     0.000 r  clk (IN)
                         net (fo=0)                   0.000     0.000    clk
    W5                   IBUF (Prop_ibuf_I_O)         0.226     0.226 r  clk_IBUF_inst/O
                         net (fo=1, routed)           0.631     0.858    clk_IBUF
    BUFGCTRL_X0Y0        BUFG (Prop_bufg_I_O)         0.026     0.884 r  clk_IBUF_BUFG_inst/O
                         net (fo=21, routed)          0.582     1.465    SEVEN_SEGMENT_DISPLAY/DIGIT_SELECTOR/clk_IBUF_BUFG
    SLICE_X61Y23         FDSE                                         r  SEVEN_SEGMENT_DISPLAY/DIGIT_SELECTOR/q_reg[2]/C
  -------------------------------------------------------------------    -------------------
    SLICE_X61Y23         FDSE (Prop_fdse_C_Q)         0.141     1.606 r  SEVEN_SEGMENT_DISPLAY/DIGIT_SELECTOR/q_reg[2]/Q
                         net (fo=10, routed)          0.214     1.820    SEVEN_SEGMENT_DISPLAY/DIGIT_MUX/d[1]
    SLICE_X62Y21         LUT4 (Prop_lut4_I2_O)        0.045     1.865 r  SEVEN_SEGMENT_DISPLAY/DIGIT_MUX/time_digit/O
                         net (fo=9, routed)           0.311     2.176    SEVEN_SEGMENT_DISPLAY/DIGIT_SELECTOR/CF
    SLICE_X65Y21         LUT5 (Prop_lut5_I0_O)        0.045     2.221 r  SEVEN_SEGMENT_DISPLAY/DIGIT_SELECTOR/CC_OBUF_inst_i_1/O
                         net (fo=1, routed)           0.331     2.551    CC_OBUF
    U8                   OBUF (Prop_obuf_I_O)         1.236     3.787 r  CC_OBUF_inst/O
                         net (fo=0)                   0.000     3.787    CC
    U8                                                                r  CC (OUT)
  -------------------------------------------------------------------    -------------------

Slack:                    inf
  Source:                 SEVEN_SEGMENT_DISPLAY/DIGIT_SELECTOR/q_reg[1]/C
                            (rising edge-triggered cell FDSE clocked by sys_clk_pin  {rise@0.000ns fall@5.000ns period=10.000ns})
  Destination:            CF
                            (output port)
  Path Group:             (none)
  Path Type:              Min at Fast Process Corner
  Data Path Delay:        2.329ns  (logic 1.478ns (63.437%)  route 0.852ns (36.563%))
  Logic Levels:           3  (LUT5=1 LUT6=1 OBUF=1)
  Clock Uncertainty:      0.025ns  ((TSJ^2 + TIJ^2)^1/2 + DJ) / 2 + PE
    Total System Jitter     (TSJ):    0.050ns
    Total Input Jitter      (TIJ):    0.000ns
    Discrete Jitter          (DJ):    0.000ns
    Phase Error              (PE):    0.000ns

    Location             Delay type                Incr(ns)  Path(ns)    Netlist Resource(s)
  -------------------------------------------------------------------    -------------------
                         (clock sys_clk_pin rise edge)
                                                      0.000     0.000 r  
    W5                                                0.000     0.000 r  clk (IN)
                         net (fo=0)                   0.000     0.000    clk
    W5                   IBUF (Prop_ibuf_I_O)         0.226     0.226 r  clk_IBUF_inst/O
                         net (fo=1, routed)           0.631     0.858    clk_IBUF
    BUFGCTRL_X0Y0        BUFG (Prop_bufg_I_O)         0.026     0.884 r  clk_IBUF_BUFG_inst/O
                         net (fo=21, routed)          0.582     1.465    SEVEN_SEGMENT_DISPLAY/DIGIT_SELECTOR/clk_IBUF_BUFG
    SLICE_X61Y23         FDSE                                         r  SEVEN_SEGMENT_DISPLAY/DIGIT_SELECTOR/q_reg[1]/C
  -------------------------------------------------------------------    -------------------
    SLICE_X61Y23         FDSE (Prop_fdse_C_Q)         0.128     1.593 r  SEVEN_SEGMENT_DISPLAY/DIGIT_SELECTOR/q_reg[1]/Q
                         net (fo=11, routed)          0.235     1.828    SEVEN_SEGMENT_DISPLAY/DIGIT_SELECTOR/digit_select[1]
    SLICE_X63Y21         LUT6 (Prop_lut6_I3_O)        0.099     1.927 r  SEVEN_SEGMENT_DISPLAY/DIGIT_SELECTOR/CA_OBUF_inst_i_5/O
                         net (fo=5, routed)           0.211     2.139    SEVEN_SEGMENT_DISPLAY/DIGIT_SELECTOR/CA_OBUF_inst_i_5_n_0
    SLICE_X65Y21         LUT5 (Prop_lut5_I2_O)        0.045     2.184 r  SEVEN_SEGMENT_DISPLAY/DIGIT_SELECTOR/CF_OBUF_inst_i_1/O
                         net (fo=1, routed)           0.405     2.589    CF_OBUF
    V5                   OBUF (Prop_obuf_I_O)         1.206     3.794 r  CF_OBUF_inst/O
                         net (fo=0)                   0.000     3.794    CF
    V5                                                                r  CF (OUT)
  -------------------------------------------------------------------    -------------------

Slack:                    inf
  Source:                 SEVEN_SEGMENT_DISPLAY/DIGIT_SELECTOR/q_reg[1]/C
                            (rising edge-triggered cell FDSE clocked by sys_clk_pin  {rise@0.000ns fall@5.000ns period=10.000ns})
  Destination:            CD
                            (output port)
  Path Group:             (none)
  Path Type:              Min at Fast Process Corner
  Data Path Delay:        2.356ns  (logic 1.579ns (67.051%)  route 0.776ns (32.949%))
  Logic Levels:           3  (LUT5=1 LUT6=1 OBUF=1)
  Clock Uncertainty:      0.025ns  ((TSJ^2 + TIJ^2)^1/2 + DJ) / 2 + PE
    Total System Jitter     (TSJ):    0.050ns
    Total Input Jitter      (TIJ):    0.000ns
    Discrete Jitter          (DJ):    0.000ns
    Phase Error              (PE):    0.000ns

    Location             Delay type                Incr(ns)  Path(ns)    Netlist Resource(s)
  -------------------------------------------------------------------    -------------------
                         (clock sys_clk_pin rise edge)
                                                      0.000     0.000 r  
    W5                                                0.000     0.000 r  clk (IN)
                         net (fo=0)                   0.000     0.000    clk
    W5                   IBUF (Prop_ibuf_I_O)         0.226     0.226 r  clk_IBUF_inst/O
                         net (fo=1, routed)           0.631     0.858    clk_IBUF
    BUFGCTRL_X0Y0        BUFG (Prop_bufg_I_O)         0.026     0.884 r  clk_IBUF_BUFG_inst/O
                         net (fo=21, routed)          0.582     1.465    SEVEN_SEGMENT_DISPLAY/DIGIT_SELECTOR/clk_IBUF_BUFG
    SLICE_X61Y23         FDSE                                         r  SEVEN_SEGMENT_DISPLAY/DIGIT_SELECTOR/q_reg[1]/C
  -------------------------------------------------------------------    -------------------
    SLICE_X61Y23         FDSE (Prop_fdse_C_Q)         0.128     1.593 r  SEVEN_SEGMENT_DISPLAY/DIGIT_SELECTOR/q_reg[1]/Q
                         net (fo=11, routed)          0.235     1.828    SEVEN_SEGMENT_DISPLAY/DIGIT_SELECTOR/digit_select[1]
    SLICE_X63Y21         LUT6 (Prop_lut6_I3_O)        0.099     1.927 r  SEVEN_SEGMENT_DISPLAY/DIGIT_SELECTOR/CA_OBUF_inst_i_5/O
                         net (fo=5, routed)           0.211     2.139    SEVEN_SEGMENT_DISPLAY/DIGIT_SELECTOR/CA_OBUF_inst_i_5_n_0
    SLICE_X65Y21         LUT5 (Prop_lut5_I0_O)        0.049     2.188 r  SEVEN_SEGMENT_DISPLAY/DIGIT_SELECTOR/CD_OBUF_inst_i_1/O
                         net (fo=1, routed)           0.330     2.517    CD_OBUF
    V8                   OBUF (Prop_obuf_I_O)         1.303     3.821 r  CD_OBUF_inst/O
                         net (fo=0)                   0.000     3.821    CD
    V8                                                                r  CD (OUT)
  -------------------------------------------------------------------    -------------------

Slack:                    inf
  Source:                 SEVEN_SEGMENT_DISPLAY/DIGIT_SELECTOR/q_reg[1]/C
                            (rising edge-triggered cell FDSE clocked by sys_clk_pin  {rise@0.000ns fall@5.000ns period=10.000ns})
  Destination:            CA
                            (output port)
  Path Group:             (none)
  Path Type:              Min at Fast Process Corner
  Data Path Delay:        2.371ns  (logic 1.549ns (65.334%)  route 0.822ns (34.666%))
  Logic Levels:           3  (LUT4=1 LUT6=1 OBUF=1)
  Clock Uncertainty:      0.025ns  ((TSJ^2 + TIJ^2)^1/2 + DJ) / 2 + PE
    Total System Jitter     (TSJ):    0.050ns
    Total Input Jitter      (TIJ):    0.000ns
    Discrete Jitter          (DJ):    0.000ns
    Phase Error              (PE):    0.000ns

    Location             Delay type                Incr(ns)  Path(ns)    Netlist Resource(s)
  -------------------------------------------------------------------    -------------------
                         (clock sys_clk_pin rise edge)
                                                      0.000     0.000 r  
    W5                                                0.000     0.000 r  clk (IN)
                         net (fo=0)                   0.000     0.000    clk
    W5                   IBUF (Prop_ibuf_I_O)         0.226     0.226 r  clk_IBUF_inst/O
                         net (fo=1, routed)           0.631     0.858    clk_IBUF
    BUFGCTRL_X0Y0        BUFG (Prop_bufg_I_O)         0.026     0.884 r  clk_IBUF_BUFG_inst/O
                         net (fo=21, routed)          0.582     1.465    SEVEN_SEGMENT_DISPLAY/DIGIT_SELECTOR/clk_IBUF_BUFG
    SLICE_X61Y23         FDSE                                         r  SEVEN_SEGMENT_DISPLAY/DIGIT_SELECTOR/q_reg[1]/C
  -------------------------------------------------------------------    -------------------
    SLICE_X61Y23         FDSE (Prop_fdse_C_Q)         0.128     1.593 r  SEVEN_SEGMENT_DISPLAY/DIGIT_SELECTOR/q_reg[1]/Q
                         net (fo=11, routed)          0.235     1.828    SEVEN_SEGMENT_DISPLAY/DIGIT_SELECTOR/digit_select[1]
    SLICE_X63Y21         LUT6 (Prop_lut6_I3_O)        0.099     1.927 r  SEVEN_SEGMENT_DISPLAY/DIGIT_SELECTOR/CA_OBUF_inst_i_5/O
                         net (fo=5, routed)           0.210     2.138    SEVEN_SEGMENT_DISPLAY/DIGIT_SELECTOR/CA_OBUF_inst_i_5_n_0
    SLICE_X65Y21         LUT4 (Prop_lut4_I3_O)        0.048     2.186 r  SEVEN_SEGMENT_DISPLAY/DIGIT_SELECTOR/CA_OBUF_inst_i_1/O
                         net (fo=1, routed)           0.376     2.562    CA_OBUF
    W7                   OBUF (Prop_obuf_I_O)         1.274     3.836 r  CA_OBUF_inst/O
                         net (fo=0)                   0.000     3.836    CA
    W7                                                                r  CA (OUT)
  -------------------------------------------------------------------    -------------------

Slack:                    inf
  Source:                 SEVEN_SEGMENT_DISPLAY/DIGIT_SELECTOR/q_reg[2]/C
                            (rising edge-triggered cell FDSE clocked by sys_clk_pin  {rise@0.000ns fall@5.000ns period=10.000ns})
  Destination:            AN3
                            (output port)
  Path Group:             (none)
  Path Type:              Min at Fast Process Corner
  Data Path Delay:        2.497ns  (logic 1.410ns (56.467%)  route 1.087ns (43.533%))
  Logic Levels:           2  (LUT1=1 OBUF=1)
  Clock Uncertainty:      0.025ns  ((TSJ^2 + TIJ^2)^1/2 + DJ) / 2 + PE
    Total System Jitter     (TSJ):    0.050ns
    Total Input Jitter      (TIJ):    0.000ns
    Discrete Jitter          (DJ):    0.000ns
    Phase Error              (PE):    0.000ns

    Location             Delay type                Incr(ns)  Path(ns)    Netlist Resource(s)
  -------------------------------------------------------------------    -------------------
                         (clock sys_clk_pin rise edge)
                                                      0.000     0.000 r  
    W5                                                0.000     0.000 r  clk (IN)
                         net (fo=0)                   0.000     0.000    clk
    W5                   IBUF (Prop_ibuf_I_O)         0.226     0.226 r  clk_IBUF_inst/O
                         net (fo=1, routed)           0.631     0.858    clk_IBUF
    BUFGCTRL_X0Y0        BUFG (Prop_bufg_I_O)         0.026     0.884 r  clk_IBUF_BUFG_inst/O
                         net (fo=21, routed)          0.582     1.465    SEVEN_SEGMENT_DISPLAY/DIGIT_SELECTOR/clk_IBUF_BUFG
    SLICE_X61Y23         FDSE                                         r  SEVEN_SEGMENT_DISPLAY/DIGIT_SELECTOR/q_reg[2]/C
  -------------------------------------------------------------------    -------------------
    SLICE_X61Y23         FDSE (Prop_fdse_C_Q)         0.141     1.606 f  SEVEN_SEGMENT_DISPLAY/DIGIT_SELECTOR/q_reg[2]/Q
                         net (fo=10, routed)          0.643     2.249    SEVEN_SEGMENT_DISPLAY/DIGIT_SELECTOR/d[1]
    SLICE_X64Y21         LUT1 (Prop_lut1_I0_O)        0.045     2.294 r  SEVEN_SEGMENT_DISPLAY/DIGIT_SELECTOR/AN3_OBUF_inst_i_1/O
                         net (fo=1, routed)           0.444     2.738    AN3_OBUF
    V4                   OBUF (Prop_obuf_I_O)         1.224     3.962 r  AN3_OBUF_inst/O
                         net (fo=0)                   0.000     3.962    AN3
    V4                                                                r  AN3 (OUT)
  -------------------------------------------------------------------    -------------------

Slack:                    inf
  Source:                 SEVEN_SEGMENT_DISPLAY/DIGIT_SELECTOR/q_reg[1]/C
                            (rising edge-triggered cell FDSE clocked by sys_clk_pin  {rise@0.000ns fall@5.000ns period=10.000ns})
  Destination:            AN2
                            (output port)
  Path Group:             (none)
  Path Type:              Min at Fast Process Corner
  Data Path Delay:        2.629ns  (logic 1.427ns (54.284%)  route 1.202ns (45.716%))
  Logic Levels:           2  (LUT1=1 OBUF=1)
  Clock Uncertainty:      0.025ns  ((TSJ^2 + TIJ^2)^1/2 + DJ) / 2 + PE
    Total System Jitter     (TSJ):    0.050ns
    Total Input Jitter      (TIJ):    0.000ns
    Discrete Jitter          (DJ):    0.000ns
    Phase Error              (PE):    0.000ns

    Location             Delay type                Incr(ns)  Path(ns)    Netlist Resource(s)
  -------------------------------------------------------------------    -------------------
                         (clock sys_clk_pin rise edge)
                                                      0.000     0.000 r  
    W5                                                0.000     0.000 r  clk (IN)
                         net (fo=0)                   0.000     0.000    clk
    W5                   IBUF (Prop_ibuf_I_O)         0.226     0.226 r  clk_IBUF_inst/O
                         net (fo=1, routed)           0.631     0.858    clk_IBUF
    BUFGCTRL_X0Y0        BUFG (Prop_bufg_I_O)         0.026     0.884 r  clk_IBUF_BUFG_inst/O
                         net (fo=21, routed)          0.582     1.465    SEVEN_SEGMENT_DISPLAY/DIGIT_SELECTOR/clk_IBUF_BUFG
    SLICE_X61Y23         FDSE                                         r  SEVEN_SEGMENT_DISPLAY/DIGIT_SELECTOR/q_reg[1]/C
  -------------------------------------------------------------------    -------------------
    SLICE_X61Y23         FDSE (Prop_fdse_C_Q)         0.128     1.593 f  SEVEN_SEGMENT_DISPLAY/DIGIT_SELECTOR/q_reg[1]/Q
                         net (fo=11, routed)          0.725     2.318    SEVEN_SEGMENT_DISPLAY/DIGIT_SELECTOR/digit_select[1]
    SLICE_X63Y21         LUT1 (Prop_lut1_I0_O)        0.099     2.417 r  SEVEN_SEGMENT_DISPLAY/DIGIT_SELECTOR/AN2_OBUF_inst_i_1/O
                         net (fo=1, routed)           0.477     2.894    AN2_OBUF
    U4                   OBUF (Prop_obuf_I_O)         1.200     4.094 r  AN2_OBUF_inst/O
                         net (fo=0)                   0.000     4.094    AN2
    U4                                                                r  AN2 (OUT)
  -------------------------------------------------------------------    -------------------





--------------------------------------------------------------------------------------
Path Group:  (none)
From Clock:  
  To Clock:  sys_clk_pin

Max Delay            21 Endpoints
Min Delay            21 Endpoints
--------------------------------------------------------------------------------------


Max Delay Paths
--------------------------------------------------------------------------------------
Slack:                    inf
  Source:                 reset
                            (input port)
  Destination:            SEVEN_SEGMENT_DISPLAY/DIGIT_SELECTOR/count_reg[16]/R
                            (rising edge-triggered cell FDRE clocked by sys_clk_pin  {rise@0.000ns fall@5.000ns period=10.000ns})
  Path Group:             (none)
  Path Type:              Setup (Max at Slow Process Corner)
  Data Path Delay:        5.403ns  (logic 1.441ns (26.678%)  route 3.961ns (73.322%))
  Logic Levels:           1  (IBUF=1)
  Clock Path Skew:        4.842ns (DCD - SCD + CPR)
    Destination Clock Delay (DCD):    4.842ns
    Source Clock Delay      (SCD):    0.000ns
    Clock Pessimism Removal (CPR):    0.000ns
  Clock Uncertainty:      0.025ns  ((TSJ^2 + TIJ^2)^1/2 + DJ) / 2 + PE
    Total System Jitter     (TSJ):    0.050ns
    Total Input Jitter      (TIJ):    0.000ns
    Discrete Jitter          (DJ):    0.000ns
    Phase Error              (PE):    0.000ns

    Location             Delay type                Incr(ns)  Path(ns)    Netlist Resource(s)
  -------------------------------------------------------------------    -------------------
    U18                                               0.000     0.000 r  reset (IN)
                         net (fo=0)                   0.000     0.000    reset
    U18                  IBUF (Prop_ibuf_I_O)         1.441     1.441 r  reset_IBUF_inst/O
                         net (fo=21, routed)          3.961     5.403    SEVEN_SEGMENT_DISPLAY/DIGIT_SELECTOR/reset_IBUF
    SLICE_X60Y25         FDRE                                         r  SEVEN_SEGMENT_DISPLAY/DIGIT_SELECTOR/count_reg[16]/R
  -------------------------------------------------------------------    -------------------

                         (clock sys_clk_pin rise edge)
                                                      0.000     0.000 r  
    W5                                                0.000     0.000 r  clk (IN)
                         net (fo=0)                   0.000     0.000    clk
    W5                   IBUF (Prop_ibuf_I_O)         1.388     1.388 r  clk_IBUF_inst/O
                         net (fo=1, routed)           1.862     3.250    clk_IBUF
    BUFGCTRL_X0Y0        BUFG (Prop_bufg_I_O)         0.091     3.341 r  clk_IBUF_BUFG_inst/O
                         net (fo=21, routed)          1.501     4.842    SEVEN_SEGMENT_DISPLAY/DIGIT_SELECTOR/clk_IBUF_BUFG
    SLICE_X60Y25         FDRE                                         r  SEVEN_SEGMENT_DISPLAY/DIGIT_SELECTOR/count_reg[16]/C

Slack:                    inf
  Source:                 reset
                            (input port)
  Destination:            SEVEN_SEGMENT_DISPLAY/DIGIT_SELECTOR/count_reg[12]/R
                            (rising edge-triggered cell FDRE clocked by sys_clk_pin  {rise@0.000ns fall@5.000ns period=10.000ns})
  Path Group:             (none)
  Path Type:              Setup (Max at Slow Process Corner)
  Data Path Delay:        5.237ns  (logic 1.441ns (27.522%)  route 3.796ns (72.478%))
  Logic Levels:           1  (IBUF=1)
  Clock Path Skew:        4.842ns (DCD - SCD + CPR)
    Destination Clock Delay (DCD):    4.842ns
    Source Clock Delay      (SCD):    0.000ns
    Clock Pessimism Removal (CPR):    0.000ns
  Clock Uncertainty:      0.025ns  ((TSJ^2 + TIJ^2)^1/2 + DJ) / 2 + PE
    Total System Jitter     (TSJ):    0.050ns
    Total Input Jitter      (TIJ):    0.000ns
    Discrete Jitter          (DJ):    0.000ns
    Phase Error              (PE):    0.000ns

    Location             Delay type                Incr(ns)  Path(ns)    Netlist Resource(s)
  -------------------------------------------------------------------    -------------------
    U18                                               0.000     0.000 r  reset (IN)
                         net (fo=0)                   0.000     0.000    reset
    U18                  IBUF (Prop_ibuf_I_O)         1.441     1.441 r  reset_IBUF_inst/O
                         net (fo=21, routed)          3.796     5.237    SEVEN_SEGMENT_DISPLAY/DIGIT_SELECTOR/reset_IBUF
    SLICE_X60Y24         FDRE                                         r  SEVEN_SEGMENT_DISPLAY/DIGIT_SELECTOR/count_reg[12]/R
  -------------------------------------------------------------------    -------------------

                         (clock sys_clk_pin rise edge)
                                                      0.000     0.000 r  
    W5                                                0.000     0.000 r  clk (IN)
                         net (fo=0)                   0.000     0.000    clk
    W5                   IBUF (Prop_ibuf_I_O)         1.388     1.388 r  clk_IBUF_inst/O
                         net (fo=1, routed)           1.862     3.250    clk_IBUF
    BUFGCTRL_X0Y0        BUFG (Prop_bufg_I_O)         0.091     3.341 r  clk_IBUF_BUFG_inst/O
                         net (fo=21, routed)          1.501     4.842    SEVEN_SEGMENT_DISPLAY/DIGIT_SELECTOR/clk_IBUF_BUFG
    SLICE_X60Y24         FDRE                                         r  SEVEN_SEGMENT_DISPLAY/DIGIT_SELECTOR/count_reg[12]/C

Slack:                    inf
  Source:                 reset
                            (input port)
  Destination:            SEVEN_SEGMENT_DISPLAY/DIGIT_SELECTOR/count_reg[13]/R
                            (rising edge-triggered cell FDRE clocked by sys_clk_pin  {rise@0.000ns fall@5.000ns period=10.000ns})
  Path Group:             (none)
  Path Type:              Setup (Max at Slow Process Corner)
  Data Path Delay:        5.237ns  (logic 1.441ns (27.522%)  route 3.796ns (72.478%))
  Logic Levels:           1  (IBUF=1)
  Clock Path Skew:        4.842ns (DCD - SCD + CPR)
    Destination Clock Delay (DCD):    4.842ns
    Source Clock Delay      (SCD):    0.000ns
    Clock Pessimism Removal (CPR):    0.000ns
  Clock Uncertainty:      0.025ns  ((TSJ^2 + TIJ^2)^1/2 + DJ) / 2 + PE
    Total System Jitter     (TSJ):    0.050ns
    Total Input Jitter      (TIJ):    0.000ns
    Discrete Jitter          (DJ):    0.000ns
    Phase Error              (PE):    0.000ns

    Location             Delay type                Incr(ns)  Path(ns)    Netlist Resource(s)
  -------------------------------------------------------------------    -------------------
    U18                                               0.000     0.000 r  reset (IN)
                         net (fo=0)                   0.000     0.000    reset
    U18                  IBUF (Prop_ibuf_I_O)         1.441     1.441 r  reset_IBUF_inst/O
                         net (fo=21, routed)          3.796     5.237    SEVEN_SEGMENT_DISPLAY/DIGIT_SELECTOR/reset_IBUF
    SLICE_X60Y24         FDRE                                         r  SEVEN_SEGMENT_DISPLAY/DIGIT_SELECTOR/count_reg[13]/R
  -------------------------------------------------------------------    -------------------

                         (clock sys_clk_pin rise edge)
                                                      0.000     0.000 r  
    W5                                                0.000     0.000 r  clk (IN)
                         net (fo=0)                   0.000     0.000    clk
    W5                   IBUF (Prop_ibuf_I_O)         1.388     1.388 r  clk_IBUF_inst/O
                         net (fo=1, routed)           1.862     3.250    clk_IBUF
    BUFGCTRL_X0Y0        BUFG (Prop_bufg_I_O)         0.091     3.341 r  clk_IBUF_BUFG_inst/O
                         net (fo=21, routed)          1.501     4.842    SEVEN_SEGMENT_DISPLAY/DIGIT_SELECTOR/clk_IBUF_BUFG
    SLICE_X60Y24         FDRE                                         r  SEVEN_SEGMENT_DISPLAY/DIGIT_SELECTOR/count_reg[13]/C

Slack:                    inf
  Source:                 reset
                            (input port)
  Destination:            SEVEN_SEGMENT_DISPLAY/DIGIT_SELECTOR/count_reg[14]/R
                            (rising edge-triggered cell FDRE clocked by sys_clk_pin  {rise@0.000ns fall@5.000ns period=10.000ns})
  Path Group:             (none)
  Path Type:              Setup (Max at Slow Process Corner)
  Data Path Delay:        5.237ns  (logic 1.441ns (27.522%)  route 3.796ns (72.478%))
  Logic Levels:           1  (IBUF=1)
  Clock Path Skew:        4.842ns (DCD - SCD + CPR)
    Destination Clock Delay (DCD):    4.842ns
    Source Clock Delay      (SCD):    0.000ns
    Clock Pessimism Removal (CPR):    0.000ns
  Clock Uncertainty:      0.025ns  ((TSJ^2 + TIJ^2)^1/2 + DJ) / 2 + PE
    Total System Jitter     (TSJ):    0.050ns
    Total Input Jitter      (TIJ):    0.000ns
    Discrete Jitter          (DJ):    0.000ns
    Phase Error              (PE):    0.000ns

    Location             Delay type                Incr(ns)  Path(ns)    Netlist Resource(s)
  -------------------------------------------------------------------    -------------------
    U18                                               0.000     0.000 r  reset (IN)
                         net (fo=0)                   0.000     0.000    reset
    U18                  IBUF (Prop_ibuf_I_O)         1.441     1.441 r  reset_IBUF_inst/O
                         net (fo=21, routed)          3.796     5.237    SEVEN_SEGMENT_DISPLAY/DIGIT_SELECTOR/reset_IBUF
    SLICE_X60Y24         FDRE                                         r  SEVEN_SEGMENT_DISPLAY/DIGIT_SELECTOR/count_reg[14]/R
  -------------------------------------------------------------------    -------------------

                         (clock sys_clk_pin rise edge)
                                                      0.000     0.000 r  
    W5                                                0.000     0.000 r  clk (IN)
                         net (fo=0)                   0.000     0.000    clk
    W5                   IBUF (Prop_ibuf_I_O)         1.388     1.388 r  clk_IBUF_inst/O
                         net (fo=1, routed)           1.862     3.250    clk_IBUF
    BUFGCTRL_X0Y0        BUFG (Prop_bufg_I_O)         0.091     3.341 r  clk_IBUF_BUFG_inst/O
                         net (fo=21, routed)          1.501     4.842    SEVEN_SEGMENT_DISPLAY/DIGIT_SELECTOR/clk_IBUF_BUFG
    SLICE_X60Y24         FDRE                                         r  SEVEN_SEGMENT_DISPLAY/DIGIT_SELECTOR/count_reg[14]/C

Slack:                    inf
  Source:                 reset
                            (input port)
  Destination:            SEVEN_SEGMENT_DISPLAY/DIGIT_SELECTOR/count_reg[15]/R
                            (rising edge-triggered cell FDRE clocked by sys_clk_pin  {rise@0.000ns fall@5.000ns period=10.000ns})
  Path Group:             (none)
  Path Type:              Setup (Max at Slow Process Corner)
  Data Path Delay:        5.237ns  (logic 1.441ns (27.522%)  route 3.796ns (72.478%))
  Logic Levels:           1  (IBUF=1)
  Clock Path Skew:        4.842ns (DCD - SCD + CPR)
    Destination Clock Delay (DCD):    4.842ns
    Source Clock Delay      (SCD):    0.000ns
    Clock Pessimism Removal (CPR):    0.000ns
  Clock Uncertainty:      0.025ns  ((TSJ^2 + TIJ^2)^1/2 + DJ) / 2 + PE
    Total System Jitter     (TSJ):    0.050ns
    Total Input Jitter      (TIJ):    0.000ns
    Discrete Jitter          (DJ):    0.000ns
    Phase Error              (PE):    0.000ns

    Location             Delay type                Incr(ns)  Path(ns)    Netlist Resource(s)
  -------------------------------------------------------------------    -------------------
    U18                                               0.000     0.000 r  reset (IN)
                         net (fo=0)                   0.000     0.000    reset
    U18                  IBUF (Prop_ibuf_I_O)         1.441     1.441 r  reset_IBUF_inst/O
                         net (fo=21, routed)          3.796     5.237    SEVEN_SEGMENT_DISPLAY/DIGIT_SELECTOR/reset_IBUF
    SLICE_X60Y24         FDRE                                         r  SEVEN_SEGMENT_DISPLAY/DIGIT_SELECTOR/count_reg[15]/R
  -------------------------------------------------------------------    -------------------

                         (clock sys_clk_pin rise edge)
                                                      0.000     0.000 r  
    W5                                                0.000     0.000 r  clk (IN)
                         net (fo=0)                   0.000     0.000    clk
    W5                   IBUF (Prop_ibuf_I_O)         1.388     1.388 r  clk_IBUF_inst/O
                         net (fo=1, routed)           1.862     3.250    clk_IBUF
    BUFGCTRL_X0Y0        BUFG (Prop_bufg_I_O)         0.091     3.341 r  clk_IBUF_BUFG_inst/O
                         net (fo=21, routed)          1.501     4.842    SEVEN_SEGMENT_DISPLAY/DIGIT_SELECTOR/clk_IBUF_BUFG
    SLICE_X60Y24         FDRE                                         r  SEVEN_SEGMENT_DISPLAY/DIGIT_SELECTOR/count_reg[15]/C

Slack:                    inf
  Source:                 reset
                            (input port)
  Destination:            SEVEN_SEGMENT_DISPLAY/DIGIT_SELECTOR/count_reg[10]/R
                            (rising edge-triggered cell FDRE clocked by sys_clk_pin  {rise@0.000ns fall@5.000ns period=10.000ns})
  Path Group:             (none)
  Path Type:              Setup (Max at Slow Process Corner)
  Data Path Delay:        5.089ns  (logic 1.441ns (28.324%)  route 3.647ns (71.676%))
  Logic Levels:           1  (IBUF=1)
  Clock Path Skew:        4.844ns (DCD - SCD + CPR)
    Destination Clock Delay (DCD):    4.844ns
    Source Clock Delay      (SCD):    0.000ns
    Clock Pessimism Removal (CPR):    0.000ns
  Clock Uncertainty:      0.025ns  ((TSJ^2 + TIJ^2)^1/2 + DJ) / 2 + PE
    Total System Jitter     (TSJ):    0.050ns
    Total Input Jitter      (TIJ):    0.000ns
    Discrete Jitter          (DJ):    0.000ns
    Phase Error              (PE):    0.000ns

    Location             Delay type                Incr(ns)  Path(ns)    Netlist Resource(s)
  -------------------------------------------------------------------    -------------------
    U18                                               0.000     0.000 r  reset (IN)
                         net (fo=0)                   0.000     0.000    reset
    U18                  IBUF (Prop_ibuf_I_O)         1.441     1.441 r  reset_IBUF_inst/O
                         net (fo=21, routed)          3.647     5.089    SEVEN_SEGMENT_DISPLAY/DIGIT_SELECTOR/reset_IBUF
    SLICE_X60Y23         FDRE                                         r  SEVEN_SEGMENT_DISPLAY/DIGIT_SELECTOR/count_reg[10]/R
  -------------------------------------------------------------------    -------------------

                         (clock sys_clk_pin rise edge)
                                                      0.000     0.000 r  
    W5                                                0.000     0.000 r  clk (IN)
                         net (fo=0)                   0.000     0.000    clk
    W5                   IBUF (Prop_ibuf_I_O)         1.388     1.388 r  clk_IBUF_inst/O
                         net (fo=1, routed)           1.862     3.250    clk_IBUF
    BUFGCTRL_X0Y0        BUFG (Prop_bufg_I_O)         0.091     3.341 r  clk_IBUF_BUFG_inst/O
                         net (fo=21, routed)          1.503     4.844    SEVEN_SEGMENT_DISPLAY/DIGIT_SELECTOR/clk_IBUF_BUFG
    SLICE_X60Y23         FDRE                                         r  SEVEN_SEGMENT_DISPLAY/DIGIT_SELECTOR/count_reg[10]/C

Slack:                    inf
  Source:                 reset
                            (input port)
  Destination:            SEVEN_SEGMENT_DISPLAY/DIGIT_SELECTOR/count_reg[11]/R
                            (rising edge-triggered cell FDRE clocked by sys_clk_pin  {rise@0.000ns fall@5.000ns period=10.000ns})
  Path Group:             (none)
  Path Type:              Setup (Max at Slow Process Corner)
  Data Path Delay:        5.089ns  (logic 1.441ns (28.324%)  route 3.647ns (71.676%))
  Logic Levels:           1  (IBUF=1)
  Clock Path Skew:        4.844ns (DCD - SCD + CPR)
    Destination Clock Delay (DCD):    4.844ns
    Source Clock Delay      (SCD):    0.000ns
    Clock Pessimism Removal (CPR):    0.000ns
  Clock Uncertainty:      0.025ns  ((TSJ^2 + TIJ^2)^1/2 + DJ) / 2 + PE
    Total System Jitter     (TSJ):    0.050ns
    Total Input Jitter      (TIJ):    0.000ns
    Discrete Jitter          (DJ):    0.000ns
    Phase Error              (PE):    0.000ns

    Location             Delay type                Incr(ns)  Path(ns)    Netlist Resource(s)
  -------------------------------------------------------------------    -------------------
    U18                                               0.000     0.000 r  reset (IN)
                         net (fo=0)                   0.000     0.000    reset
    U18                  IBUF (Prop_ibuf_I_O)         1.441     1.441 r  reset_IBUF_inst/O
                         net (fo=21, routed)          3.647     5.089    SEVEN_SEGMENT_DISPLAY/DIGIT_SELECTOR/reset_IBUF
    SLICE_X60Y23         FDRE                                         r  SEVEN_SEGMENT_DISPLAY/DIGIT_SELECTOR/count_reg[11]/R
  -------------------------------------------------------------------    -------------------

                         (clock sys_clk_pin rise edge)
                                                      0.000     0.000 r  
    W5                                                0.000     0.000 r  clk (IN)
                         net (fo=0)                   0.000     0.000    clk
    W5                   IBUF (Prop_ibuf_I_O)         1.388     1.388 r  clk_IBUF_inst/O
                         net (fo=1, routed)           1.862     3.250    clk_IBUF
    BUFGCTRL_X0Y0        BUFG (Prop_bufg_I_O)         0.091     3.341 r  clk_IBUF_BUFG_inst/O
                         net (fo=21, routed)          1.503     4.844    SEVEN_SEGMENT_DISPLAY/DIGIT_SELECTOR/clk_IBUF_BUFG
    SLICE_X60Y23         FDRE                                         r  SEVEN_SEGMENT_DISPLAY/DIGIT_SELECTOR/count_reg[11]/C

Slack:                    inf
  Source:                 reset
                            (input port)
  Destination:            SEVEN_SEGMENT_DISPLAY/DIGIT_SELECTOR/count_reg[8]/R
                            (rising edge-triggered cell FDRE clocked by sys_clk_pin  {rise@0.000ns fall@5.000ns period=10.000ns})
  Path Group:             (none)
  Path Type:              Setup (Max at Slow Process Corner)
  Data Path Delay:        5.089ns  (logic 1.441ns (28.324%)  route 3.647ns (71.676%))
  Logic Levels:           1  (IBUF=1)
  Clock Path Skew:        4.844ns (DCD - SCD + CPR)
    Destination Clock Delay (DCD):    4.844ns
    Source Clock Delay      (SCD):    0.000ns
    Clock Pessimism Removal (CPR):    0.000ns
  Clock Uncertainty:      0.025ns  ((TSJ^2 + TIJ^2)^1/2 + DJ) / 2 + PE
    Total System Jitter     (TSJ):    0.050ns
    Total Input Jitter      (TIJ):    0.000ns
    Discrete Jitter          (DJ):    0.000ns
    Phase Error              (PE):    0.000ns

    Location             Delay type                Incr(ns)  Path(ns)    Netlist Resource(s)
  -------------------------------------------------------------------    -------------------
    U18                                               0.000     0.000 r  reset (IN)
                         net (fo=0)                   0.000     0.000    reset
    U18                  IBUF (Prop_ibuf_I_O)         1.441     1.441 r  reset_IBUF_inst/O
                         net (fo=21, routed)          3.647     5.089    SEVEN_SEGMENT_DISPLAY/DIGIT_SELECTOR/reset_IBUF
    SLICE_X60Y23         FDRE                                         r  SEVEN_SEGMENT_DISPLAY/DIGIT_SELECTOR/count_reg[8]/R
  -------------------------------------------------------------------    -------------------

                         (clock sys_clk_pin rise edge)
                                                      0.000     0.000 r  
    W5                                                0.000     0.000 r  clk (IN)
                         net (fo=0)                   0.000     0.000    clk
    W5                   IBUF (Prop_ibuf_I_O)         1.388     1.388 r  clk_IBUF_inst/O
                         net (fo=1, routed)           1.862     3.250    clk_IBUF
    BUFGCTRL_X0Y0        BUFG (Prop_bufg_I_O)         0.091     3.341 r  clk_IBUF_BUFG_inst/O
                         net (fo=21, routed)          1.503     4.844    SEVEN_SEGMENT_DISPLAY/DIGIT_SELECTOR/clk_IBUF_BUFG
    SLICE_X60Y23         FDRE                                         r  SEVEN_SEGMENT_DISPLAY/DIGIT_SELECTOR/count_reg[8]/C

Slack:                    inf
  Source:                 reset
                            (input port)
  Destination:            SEVEN_SEGMENT_DISPLAY/DIGIT_SELECTOR/count_reg[9]/R
                            (rising edge-triggered cell FDRE clocked by sys_clk_pin  {rise@0.000ns fall@5.000ns period=10.000ns})
  Path Group:             (none)
  Path Type:              Setup (Max at Slow Process Corner)
  Data Path Delay:        5.089ns  (logic 1.441ns (28.324%)  route 3.647ns (71.676%))
  Logic Levels:           1  (IBUF=1)
  Clock Path Skew:        4.844ns (DCD - SCD + CPR)
    Destination Clock Delay (DCD):    4.844ns
    Source Clock Delay      (SCD):    0.000ns
    Clock Pessimism Removal (CPR):    0.000ns
  Clock Uncertainty:      0.025ns  ((TSJ^2 + TIJ^2)^1/2 + DJ) / 2 + PE
    Total System Jitter     (TSJ):    0.050ns
    Total Input Jitter      (TIJ):    0.000ns
    Discrete Jitter          (DJ):    0.000ns
    Phase Error              (PE):    0.000ns

    Location             Delay type                Incr(ns)  Path(ns)    Netlist Resource(s)
  -------------------------------------------------------------------    -------------------
    U18                                               0.000     0.000 r  reset (IN)
                         net (fo=0)                   0.000     0.000    reset
    U18                  IBUF (Prop_ibuf_I_O)         1.441     1.441 r  reset_IBUF_inst/O
                         net (fo=21, routed)          3.647     5.089    SEVEN_SEGMENT_DISPLAY/DIGIT_SELECTOR/reset_IBUF
    SLICE_X60Y23         FDRE                                         r  SEVEN_SEGMENT_DISPLAY/DIGIT_SELECTOR/count_reg[9]/R
  -------------------------------------------------------------------    -------------------

                         (clock sys_clk_pin rise edge)
                                                      0.000     0.000 r  
    W5                                                0.000     0.000 r  clk (IN)
                         net (fo=0)                   0.000     0.000    clk
    W5                   IBUF (Prop_ibuf_I_O)         1.388     1.388 r  clk_IBUF_inst/O
                         net (fo=1, routed)           1.862     3.250    clk_IBUF
    BUFGCTRL_X0Y0        BUFG (Prop_bufg_I_O)         0.091     3.341 r  clk_IBUF_BUFG_inst/O
                         net (fo=21, routed)          1.503     4.844    SEVEN_SEGMENT_DISPLAY/DIGIT_SELECTOR/clk_IBUF_BUFG
    SLICE_X60Y23         FDRE                                         r  SEVEN_SEGMENT_DISPLAY/DIGIT_SELECTOR/count_reg[9]/C

Slack:                    inf
  Source:                 reset
                            (input port)
  Destination:            SEVEN_SEGMENT_DISPLAY/DIGIT_SELECTOR/q_reg[0]/S
                            (rising edge-triggered cell FDSE clocked by sys_clk_pin  {rise@0.000ns fall@5.000ns period=10.000ns})
  Path Group:             (none)
  Path Type:              Setup (Max at Slow Process Corner)
  Data Path Delay:        5.089ns  (logic 1.441ns (28.324%)  route 3.647ns (71.676%))
  Logic Levels:           1  (IBUF=1)
  Clock Path Skew:        4.844ns (DCD - SCD + CPR)
    Destination Clock Delay (DCD):    4.844ns
    Source Clock Delay      (SCD):    0.000ns
    Clock Pessimism Removal (CPR):    0.000ns
  Clock Uncertainty:      0.025ns  ((TSJ^2 + TIJ^2)^1/2 + DJ) / 2 + PE
    Total System Jitter     (TSJ):    0.050ns
    Total Input Jitter      (TIJ):    0.000ns
    Discrete Jitter          (DJ):    0.000ns
    Phase Error              (PE):    0.000ns

    Location             Delay type                Incr(ns)  Path(ns)    Netlist Resource(s)
  -------------------------------------------------------------------    -------------------
    U18                                               0.000     0.000 r  reset (IN)
                         net (fo=0)                   0.000     0.000    reset
    U18                  IBUF (Prop_ibuf_I_O)         1.441     1.441 r  reset_IBUF_inst/O
                         net (fo=21, routed)          3.647     5.089    SEVEN_SEGMENT_DISPLAY/DIGIT_SELECTOR/reset_IBUF
    SLICE_X61Y23         FDSE                                         r  SEVEN_SEGMENT_DISPLAY/DIGIT_SELECTOR/q_reg[0]/S
  -------------------------------------------------------------------    -------------------

                         (clock sys_clk_pin rise edge)
                                                      0.000     0.000 r  
    W5                                                0.000     0.000 r  clk (IN)
                         net (fo=0)                   0.000     0.000    clk
    W5                   IBUF (Prop_ibuf_I_O)         1.388     1.388 r  clk_IBUF_inst/O
                         net (fo=1, routed)           1.862     3.250    clk_IBUF
    BUFGCTRL_X0Y0        BUFG (Prop_bufg_I_O)         0.091     3.341 r  clk_IBUF_BUFG_inst/O
                         net (fo=21, routed)          1.503     4.844    SEVEN_SEGMENT_DISPLAY/DIGIT_SELECTOR/clk_IBUF_BUFG
    SLICE_X61Y23         FDSE                                         r  SEVEN_SEGMENT_DISPLAY/DIGIT_SELECTOR/q_reg[0]/C





Min Delay Paths
--------------------------------------------------------------------------------------
Slack:                    inf
  Source:                 reset
                            (input port)
  Destination:            SEVEN_SEGMENT_DISPLAY/DIGIT_SELECTOR/q_reg[3]/D
                            (rising edge-triggered cell FDRE clocked by sys_clk_pin  {rise@0.000ns fall@5.000ns period=10.000ns})
  Path Group:             (none)
  Path Type:              Hold (Min at Fast Process Corner)
  Data Path Delay:        1.673ns  (logic 0.255ns (15.215%)  route 1.418ns (84.785%))
  Logic Levels:           2  (IBUF=1 LUT6=1)
  Clock Path Skew:        1.978ns (DCD - SCD - CPR)
    Destination Clock Delay (DCD):    1.978ns
    Source Clock Delay      (SCD):    0.000ns
    Clock Pessimism Removal (CPR):    -0.000ns

    Location             Delay type                Incr(ns)  Path(ns)    Netlist Resource(s)
  -------------------------------------------------------------------    -------------------
    U18                                               0.000     0.000 r  reset (IN)
                         net (fo=0)                   0.000     0.000    reset
    U18                  IBUF (Prop_ibuf_I_O)         0.210     0.210 r  reset_IBUF_inst/O
                         net (fo=21, routed)          1.418     1.628    SEVEN_SEGMENT_DISPLAY/DIGIT_SELECTOR/reset_IBUF
    SLICE_X61Y22         LUT6 (Prop_lut6_I0_O)        0.045     1.673 r  SEVEN_SEGMENT_DISPLAY/DIGIT_SELECTOR/q[3]_i_1/O
                         net (fo=1, routed)           0.000     1.673    SEVEN_SEGMENT_DISPLAY/DIGIT_SELECTOR/q[3]_i_1_n_0
    SLICE_X61Y22         FDRE                                         r  SEVEN_SEGMENT_DISPLAY/DIGIT_SELECTOR/q_reg[3]/D
  -------------------------------------------------------------------    -------------------

                         (clock sys_clk_pin rise edge)
                                                      0.000     0.000 r  
    W5                                                0.000     0.000 r  clk (IN)
                         net (fo=0)                   0.000     0.000    clk
    W5                   IBUF (Prop_ibuf_I_O)         0.414     0.414 r  clk_IBUF_inst/O
                         net (fo=1, routed)           0.685     1.099    clk_IBUF
    BUFGCTRL_X0Y0        BUFG (Prop_bufg_I_O)         0.029     1.128 r  clk_IBUF_BUFG_inst/O
                         net (fo=21, routed)          0.851     1.978    SEVEN_SEGMENT_DISPLAY/DIGIT_SELECTOR/clk_IBUF_BUFG
    SLICE_X61Y22         FDRE                                         r  SEVEN_SEGMENT_DISPLAY/DIGIT_SELECTOR/q_reg[3]/C

Slack:                    inf
  Source:                 reset
                            (input port)
  Destination:            SEVEN_SEGMENT_DISPLAY/DIGIT_SELECTOR/count_reg[0]/R
                            (rising edge-triggered cell FDRE clocked by sys_clk_pin  {rise@0.000ns fall@5.000ns period=10.000ns})
  Path Group:             (none)
  Path Type:              Hold (Min at Fast Process Corner)
  Data Path Delay:        1.761ns  (logic 0.210ns (11.899%)  route 1.551ns (88.101%))
  Logic Levels:           1  (IBUF=1)
  Clock Path Skew:        1.979ns (DCD - SCD - CPR)
    Destination Clock Delay (DCD):    1.979ns
    Source Clock Delay      (SCD):    0.000ns
    Clock Pessimism Removal (CPR):    -0.000ns

    Location             Delay type                Incr(ns)  Path(ns)    Netlist Resource(s)
  -------------------------------------------------------------------    -------------------
    U18                                               0.000     0.000 r  reset (IN)
                         net (fo=0)                   0.000     0.000    reset
    U18                  IBUF (Prop_ibuf_I_O)         0.210     0.210 r  reset_IBUF_inst/O
                         net (fo=21, routed)          1.551     1.761    SEVEN_SEGMENT_DISPLAY/DIGIT_SELECTOR/reset_IBUF
    SLICE_X60Y21         FDRE                                         r  SEVEN_SEGMENT_DISPLAY/DIGIT_SELECTOR/count_reg[0]/R
  -------------------------------------------------------------------    -------------------

                         (clock sys_clk_pin rise edge)
                                                      0.000     0.000 r  
    W5                                                0.000     0.000 r  clk (IN)
                         net (fo=0)                   0.000     0.000    clk
    W5                   IBUF (Prop_ibuf_I_O)         0.414     0.414 r  clk_IBUF_inst/O
                         net (fo=1, routed)           0.685     1.099    clk_IBUF
    BUFGCTRL_X0Y0        BUFG (Prop_bufg_I_O)         0.029     1.128 r  clk_IBUF_BUFG_inst/O
                         net (fo=21, routed)          0.852     1.979    SEVEN_SEGMENT_DISPLAY/DIGIT_SELECTOR/clk_IBUF_BUFG
    SLICE_X60Y21         FDRE                                         r  SEVEN_SEGMENT_DISPLAY/DIGIT_SELECTOR/count_reg[0]/C

Slack:                    inf
  Source:                 reset
                            (input port)
  Destination:            SEVEN_SEGMENT_DISPLAY/DIGIT_SELECTOR/count_reg[1]/R
                            (rising edge-triggered cell FDRE clocked by sys_clk_pin  {rise@0.000ns fall@5.000ns period=10.000ns})
  Path Group:             (none)
  Path Type:              Hold (Min at Fast Process Corner)
  Data Path Delay:        1.761ns  (logic 0.210ns (11.899%)  route 1.551ns (88.101%))
  Logic Levels:           1  (IBUF=1)
  Clock Path Skew:        1.979ns (DCD - SCD - CPR)
    Destination Clock Delay (DCD):    1.979ns
    Source Clock Delay      (SCD):    0.000ns
    Clock Pessimism Removal (CPR):    -0.000ns

    Location             Delay type                Incr(ns)  Path(ns)    Netlist Resource(s)
  -------------------------------------------------------------------    -------------------
    U18                                               0.000     0.000 r  reset (IN)
                         net (fo=0)                   0.000     0.000    reset
    U18                  IBUF (Prop_ibuf_I_O)         0.210     0.210 r  reset_IBUF_inst/O
                         net (fo=21, routed)          1.551     1.761    SEVEN_SEGMENT_DISPLAY/DIGIT_SELECTOR/reset_IBUF
    SLICE_X60Y21         FDRE                                         r  SEVEN_SEGMENT_DISPLAY/DIGIT_SELECTOR/count_reg[1]/R
  -------------------------------------------------------------------    -------------------

                         (clock sys_clk_pin rise edge)
                                                      0.000     0.000 r  
    W5                                                0.000     0.000 r  clk (IN)
                         net (fo=0)                   0.000     0.000    clk
    W5                   IBUF (Prop_ibuf_I_O)         0.414     0.414 r  clk_IBUF_inst/O
                         net (fo=1, routed)           0.685     1.099    clk_IBUF
    BUFGCTRL_X0Y0        BUFG (Prop_bufg_I_O)         0.029     1.128 r  clk_IBUF_BUFG_inst/O
                         net (fo=21, routed)          0.852     1.979    SEVEN_SEGMENT_DISPLAY/DIGIT_SELECTOR/clk_IBUF_BUFG
    SLICE_X60Y21         FDRE                                         r  SEVEN_SEGMENT_DISPLAY/DIGIT_SELECTOR/count_reg[1]/C

Slack:                    inf
  Source:                 reset
                            (input port)
  Destination:            SEVEN_SEGMENT_DISPLAY/DIGIT_SELECTOR/count_reg[2]/R
                            (rising edge-triggered cell FDRE clocked by sys_clk_pin  {rise@0.000ns fall@5.000ns period=10.000ns})
  Path Group:             (none)
  Path Type:              Hold (Min at Fast Process Corner)
  Data Path Delay:        1.761ns  (logic 0.210ns (11.899%)  route 1.551ns (88.101%))
  Logic Levels:           1  (IBUF=1)
  Clock Path Skew:        1.979ns (DCD - SCD - CPR)
    Destination Clock Delay (DCD):    1.979ns
    Source Clock Delay      (SCD):    0.000ns
    Clock Pessimism Removal (CPR):    -0.000ns

    Location             Delay type                Incr(ns)  Path(ns)    Netlist Resource(s)
  -------------------------------------------------------------------    -------------------
    U18                                               0.000     0.000 r  reset (IN)
                         net (fo=0)                   0.000     0.000    reset
    U18                  IBUF (Prop_ibuf_I_O)         0.210     0.210 r  reset_IBUF_inst/O
                         net (fo=21, routed)          1.551     1.761    SEVEN_SEGMENT_DISPLAY/DIGIT_SELECTOR/reset_IBUF
    SLICE_X60Y21         FDRE                                         r  SEVEN_SEGMENT_DISPLAY/DIGIT_SELECTOR/count_reg[2]/R
  -------------------------------------------------------------------    -------------------

                         (clock sys_clk_pin rise edge)
                                                      0.000     0.000 r  
    W5                                                0.000     0.000 r  clk (IN)
                         net (fo=0)                   0.000     0.000    clk
    W5                   IBUF (Prop_ibuf_I_O)         0.414     0.414 r  clk_IBUF_inst/O
                         net (fo=1, routed)           0.685     1.099    clk_IBUF
    BUFGCTRL_X0Y0        BUFG (Prop_bufg_I_O)         0.029     1.128 r  clk_IBUF_BUFG_inst/O
                         net (fo=21, routed)          0.852     1.979    SEVEN_SEGMENT_DISPLAY/DIGIT_SELECTOR/clk_IBUF_BUFG
    SLICE_X60Y21         FDRE                                         r  SEVEN_SEGMENT_DISPLAY/DIGIT_SELECTOR/count_reg[2]/C

Slack:                    inf
  Source:                 reset
                            (input port)
  Destination:            SEVEN_SEGMENT_DISPLAY/DIGIT_SELECTOR/count_reg[3]/R
                            (rising edge-triggered cell FDRE clocked by sys_clk_pin  {rise@0.000ns fall@5.000ns period=10.000ns})
  Path Group:             (none)
  Path Type:              Hold (Min at Fast Process Corner)
  Data Path Delay:        1.761ns  (logic 0.210ns (11.899%)  route 1.551ns (88.101%))
  Logic Levels:           1  (IBUF=1)
  Clock Path Skew:        1.979ns (DCD - SCD - CPR)
    Destination Clock Delay (DCD):    1.979ns
    Source Clock Delay      (SCD):    0.000ns
    Clock Pessimism Removal (CPR):    -0.000ns

    Location             Delay type                Incr(ns)  Path(ns)    Netlist Resource(s)
  -------------------------------------------------------------------    -------------------
    U18                                               0.000     0.000 r  reset (IN)
                         net (fo=0)                   0.000     0.000    reset
    U18                  IBUF (Prop_ibuf_I_O)         0.210     0.210 r  reset_IBUF_inst/O
                         net (fo=21, routed)          1.551     1.761    SEVEN_SEGMENT_DISPLAY/DIGIT_SELECTOR/reset_IBUF
    SLICE_X60Y21         FDRE                                         r  SEVEN_SEGMENT_DISPLAY/DIGIT_SELECTOR/count_reg[3]/R
  -------------------------------------------------------------------    -------------------

                         (clock sys_clk_pin rise edge)
                                                      0.000     0.000 r  
    W5                                                0.000     0.000 r  clk (IN)
                         net (fo=0)                   0.000     0.000    clk
    W5                   IBUF (Prop_ibuf_I_O)         0.414     0.414 r  clk_IBUF_inst/O
                         net (fo=1, routed)           0.685     1.099    clk_IBUF
    BUFGCTRL_X0Y0        BUFG (Prop_bufg_I_O)         0.029     1.128 r  clk_IBUF_BUFG_inst/O
                         net (fo=21, routed)          0.852     1.979    SEVEN_SEGMENT_DISPLAY/DIGIT_SELECTOR/clk_IBUF_BUFG
    SLICE_X60Y21         FDRE                                         r  SEVEN_SEGMENT_DISPLAY/DIGIT_SELECTOR/count_reg[3]/C

Slack:                    inf
  Source:                 reset
                            (input port)
  Destination:            SEVEN_SEGMENT_DISPLAY/DIGIT_SELECTOR/count_reg[4]/R
                            (rising edge-triggered cell FDRE clocked by sys_clk_pin  {rise@0.000ns fall@5.000ns period=10.000ns})
  Path Group:             (none)
  Path Type:              Hold (Min at Fast Process Corner)
  Data Path Delay:        1.824ns  (logic 0.210ns (11.486%)  route 1.615ns (88.514%))
  Logic Levels:           1  (IBUF=1)
  Clock Path Skew:        1.978ns (DCD - SCD - CPR)
    Destination Clock Delay (DCD):    1.978ns
    Source Clock Delay      (SCD):    0.000ns
    Clock Pessimism Removal (CPR):    -0.000ns

    Location             Delay type                Incr(ns)  Path(ns)    Netlist Resource(s)
  -------------------------------------------------------------------    -------------------
    U18                                               0.000     0.000 r  reset (IN)
                         net (fo=0)                   0.000     0.000    reset
    U18                  IBUF (Prop_ibuf_I_O)         0.210     0.210 r  reset_IBUF_inst/O
                         net (fo=21, routed)          1.615     1.824    SEVEN_SEGMENT_DISPLAY/DIGIT_SELECTOR/reset_IBUF
    SLICE_X60Y22         FDRE                                         r  SEVEN_SEGMENT_DISPLAY/DIGIT_SELECTOR/count_reg[4]/R
  -------------------------------------------------------------------    -------------------

                         (clock sys_clk_pin rise edge)
                                                      0.000     0.000 r  
    W5                                                0.000     0.000 r  clk (IN)
                         net (fo=0)                   0.000     0.000    clk
    W5                   IBUF (Prop_ibuf_I_O)         0.414     0.414 r  clk_IBUF_inst/O
                         net (fo=1, routed)           0.685     1.099    clk_IBUF
    BUFGCTRL_X0Y0        BUFG (Prop_bufg_I_O)         0.029     1.128 r  clk_IBUF_BUFG_inst/O
                         net (fo=21, routed)          0.851     1.978    SEVEN_SEGMENT_DISPLAY/DIGIT_SELECTOR/clk_IBUF_BUFG
    SLICE_X60Y22         FDRE                                         r  SEVEN_SEGMENT_DISPLAY/DIGIT_SELECTOR/count_reg[4]/C

Slack:                    inf
  Source:                 reset
                            (input port)
  Destination:            SEVEN_SEGMENT_DISPLAY/DIGIT_SELECTOR/count_reg[5]/R
                            (rising edge-triggered cell FDRE clocked by sys_clk_pin  {rise@0.000ns fall@5.000ns period=10.000ns})
  Path Group:             (none)
  Path Type:              Hold (Min at Fast Process Corner)
  Data Path Delay:        1.824ns  (logic 0.210ns (11.486%)  route 1.615ns (88.514%))
  Logic Levels:           1  (IBUF=1)
  Clock Path Skew:        1.978ns (DCD - SCD - CPR)
    Destination Clock Delay (DCD):    1.978ns
    Source Clock Delay      (SCD):    0.000ns
    Clock Pessimism Removal (CPR):    -0.000ns

    Location             Delay type                Incr(ns)  Path(ns)    Netlist Resource(s)
  -------------------------------------------------------------------    -------------------
    U18                                               0.000     0.000 r  reset (IN)
                         net (fo=0)                   0.000     0.000    reset
    U18                  IBUF (Prop_ibuf_I_O)         0.210     0.210 r  reset_IBUF_inst/O
                         net (fo=21, routed)          1.615     1.824    SEVEN_SEGMENT_DISPLAY/DIGIT_SELECTOR/reset_IBUF
    SLICE_X60Y22         FDRE                                         r  SEVEN_SEGMENT_DISPLAY/DIGIT_SELECTOR/count_reg[5]/R
  -------------------------------------------------------------------    -------------------

                         (clock sys_clk_pin rise edge)
                                                      0.000     0.000 r  
    W5                                                0.000     0.000 r  clk (IN)
                         net (fo=0)                   0.000     0.000    clk
    W5                   IBUF (Prop_ibuf_I_O)         0.414     0.414 r  clk_IBUF_inst/O
                         net (fo=1, routed)           0.685     1.099    clk_IBUF
    BUFGCTRL_X0Y0        BUFG (Prop_bufg_I_O)         0.029     1.128 r  clk_IBUF_BUFG_inst/O
                         net (fo=21, routed)          0.851     1.978    SEVEN_SEGMENT_DISPLAY/DIGIT_SELECTOR/clk_IBUF_BUFG
    SLICE_X60Y22         FDRE                                         r  SEVEN_SEGMENT_DISPLAY/DIGIT_SELECTOR/count_reg[5]/C

Slack:                    inf
  Source:                 reset
                            (input port)
  Destination:            SEVEN_SEGMENT_DISPLAY/DIGIT_SELECTOR/count_reg[6]/R
                            (rising edge-triggered cell FDRE clocked by sys_clk_pin  {rise@0.000ns fall@5.000ns period=10.000ns})
  Path Group:             (none)
  Path Type:              Hold (Min at Fast Process Corner)
  Data Path Delay:        1.824ns  (logic 0.210ns (11.486%)  route 1.615ns (88.514%))
  Logic Levels:           1  (IBUF=1)
  Clock Path Skew:        1.978ns (DCD - SCD - CPR)
    Destination Clock Delay (DCD):    1.978ns
    Source Clock Delay      (SCD):    0.000ns
    Clock Pessimism Removal (CPR):    -0.000ns

    Location             Delay type                Incr(ns)  Path(ns)    Netlist Resource(s)
  -------------------------------------------------------------------    -------------------
    U18                                               0.000     0.000 r  reset (IN)
                         net (fo=0)                   0.000     0.000    reset
    U18                  IBUF (Prop_ibuf_I_O)         0.210     0.210 r  reset_IBUF_inst/O
                         net (fo=21, routed)          1.615     1.824    SEVEN_SEGMENT_DISPLAY/DIGIT_SELECTOR/reset_IBUF
    SLICE_X60Y22         FDRE                                         r  SEVEN_SEGMENT_DISPLAY/DIGIT_SELECTOR/count_reg[6]/R
  -------------------------------------------------------------------    -------------------

                         (clock sys_clk_pin rise edge)
                                                      0.000     0.000 r  
    W5                                                0.000     0.000 r  clk (IN)
                         net (fo=0)                   0.000     0.000    clk
    W5                   IBUF (Prop_ibuf_I_O)         0.414     0.414 r  clk_IBUF_inst/O
                         net (fo=1, routed)           0.685     1.099    clk_IBUF
    BUFGCTRL_X0Y0        BUFG (Prop_bufg_I_O)         0.029     1.128 r  clk_IBUF_BUFG_inst/O
                         net (fo=21, routed)          0.851     1.978    SEVEN_SEGMENT_DISPLAY/DIGIT_SELECTOR/clk_IBUF_BUFG
    SLICE_X60Y22         FDRE                                         r  SEVEN_SEGMENT_DISPLAY/DIGIT_SELECTOR/count_reg[6]/C

Slack:                    inf
  Source:                 reset
                            (input port)
  Destination:            SEVEN_SEGMENT_DISPLAY/DIGIT_SELECTOR/count_reg[7]/R
                            (rising edge-triggered cell FDRE clocked by sys_clk_pin  {rise@0.000ns fall@5.000ns period=10.000ns})
  Path Group:             (none)
  Path Type:              Hold (Min at Fast Process Corner)
  Data Path Delay:        1.824ns  (logic 0.210ns (11.486%)  route 1.615ns (88.514%))
  Logic Levels:           1  (IBUF=1)
  Clock Path Skew:        1.978ns (DCD - SCD - CPR)
    Destination Clock Delay (DCD):    1.978ns
    Source Clock Delay      (SCD):    0.000ns
    Clock Pessimism Removal (CPR):    -0.000ns

    Location             Delay type                Incr(ns)  Path(ns)    Netlist Resource(s)
  -------------------------------------------------------------------    -------------------
    U18                                               0.000     0.000 r  reset (IN)
                         net (fo=0)                   0.000     0.000    reset
    U18                  IBUF (Prop_ibuf_I_O)         0.210     0.210 r  reset_IBUF_inst/O
                         net (fo=21, routed)          1.615     1.824    SEVEN_SEGMENT_DISPLAY/DIGIT_SELECTOR/reset_IBUF
    SLICE_X60Y22         FDRE                                         r  SEVEN_SEGMENT_DISPLAY/DIGIT_SELECTOR/count_reg[7]/R
  -------------------------------------------------------------------    -------------------

                         (clock sys_clk_pin rise edge)
                                                      0.000     0.000 r  
    W5                                                0.000     0.000 r  clk (IN)
                         net (fo=0)                   0.000     0.000    clk
    W5                   IBUF (Prop_ibuf_I_O)         0.414     0.414 r  clk_IBUF_inst/O
                         net (fo=1, routed)           0.685     1.099    clk_IBUF
    BUFGCTRL_X0Y0        BUFG (Prop_bufg_I_O)         0.029     1.128 r  clk_IBUF_BUFG_inst/O
                         net (fo=21, routed)          0.851     1.978    SEVEN_SEGMENT_DISPLAY/DIGIT_SELECTOR/clk_IBUF_BUFG
    SLICE_X60Y22         FDRE                                         r  SEVEN_SEGMENT_DISPLAY/DIGIT_SELECTOR/count_reg[7]/C

Slack:                    inf
  Source:                 reset
                            (input port)
  Destination:            SEVEN_SEGMENT_DISPLAY/DIGIT_SELECTOR/count_reg[10]/R
                            (rising edge-triggered cell FDRE clocked by sys_clk_pin  {rise@0.000ns fall@5.000ns period=10.000ns})
  Path Group:             (none)
  Path Type:              Hold (Min at Fast Process Corner)
  Data Path Delay:        1.895ns  (logic 0.210ns (11.057%)  route 1.685ns (88.943%))
  Logic Levels:           1  (IBUF=1)
  Clock Path Skew:        1.976ns (DCD - SCD - CPR)
    Destination Clock Delay (DCD):    1.976ns
    Source Clock Delay      (SCD):    0.000ns
    Clock Pessimism Removal (CPR):    -0.000ns

    Location             Delay type                Incr(ns)  Path(ns)    Netlist Resource(s)
  -------------------------------------------------------------------    -------------------
    U18                                               0.000     0.000 r  reset (IN)
                         net (fo=0)                   0.000     0.000    reset
    U18                  IBUF (Prop_ibuf_I_O)         0.210     0.210 r  reset_IBUF_inst/O
                         net (fo=21, routed)          1.685     1.895    SEVEN_SEGMENT_DISPLAY/DIGIT_SELECTOR/reset_IBUF
    SLICE_X60Y23         FDRE                                         r  SEVEN_SEGMENT_DISPLAY/DIGIT_SELECTOR/count_reg[10]/R
  -------------------------------------------------------------------    -------------------

                         (clock sys_clk_pin rise edge)
                                                      0.000     0.000 r  
    W5                                                0.000     0.000 r  clk (IN)
                         net (fo=0)                   0.000     0.000    clk
    W5                   IBUF (Prop_ibuf_I_O)         0.414     0.414 r  clk_IBUF_inst/O
                         net (fo=1, routed)           0.685     1.099    clk_IBUF
    BUFGCTRL_X0Y0        BUFG (Prop_bufg_I_O)         0.029     1.128 r  clk_IBUF_BUFG_inst/O
                         net (fo=21, routed)          0.849     1.976    SEVEN_SEGMENT_DISPLAY/DIGIT_SELECTOR/clk_IBUF_BUFG
    SLICE_X60Y23         FDRE                                         r  SEVEN_SEGMENT_DISPLAY/DIGIT_SELECTOR/count_reg[10]/C





